batch,code,title,action,priority,second_review,failure_reasons_ko,summary_ko,output_path,response_json
02,P3-F05,FTP 명령과 응답 코드 흐름,전면 재생성,A,재작업,"FTP STOR 명령의 데이터 전송 방향이 'Data Transfer (Server to Client)'로 잘못 표시되었습니다. STOR 명령은 클라이언트가 서버로 파일을 전송하는 것이므로, 데이터 전송 방향은 클라이언트에서 서버로(C→S)여야 합니다. | 이는 FTP 프로토콜의 핵심 개념 중 하나를 오해하게 할 수 있는 중요한 개념적 오류입니다.",FTP STOR 명령 시 데이터 전송 방향이 잘못 표시되어 있어 수정이 필요합니다.,C:\Users\javam\OneDrive\Documents\Generate Image\generate_image_with_nanobanana\나노바나나_전체_수정대상_작업팩_v2\03_수정완료\Part3\P3-F05.png,C:\Users\javam\OneDrive\Documents\Generate Image\generate_image_with_nanobanana\나노바나나_전체_수정대상_작업팩_v2\00_가이드\second_review_responses\P3-F05.json
02,P3-F09,SMTP 대화와 포트,전면 재생성,A,재작업,"TCP 25 (서버 간 릴레이)에서 서버가 EHLO/HELO로 응답하는 것으로 표시되어 있으며, 이는 SMTP 프로토콜의 개념적 오류입니다. 서버는 250 코드로 응답해야 합니다.",TCP 25 서버 간 릴레이 부분에서 EHLO/HELO 응답 방향이 잘못되어 개념적 오류가 있습니다. 그 외 포트 역할 분리 및 587/465 포트의 명령/응답 방향은 올바르게 수정되었습니다.,C:\Users\javam\OneDrive\Documents\Generate Image\generate_image_with_nanobanana\나노바나나_전체_수정대상_작업팩_v2\03_수정완료\Part3\P3-F09.png,C:\Users\javam\OneDrive\Documents\Generate Image\generate_image_with_nanobanana\나노바나나_전체_수정대상_작업팩_v2\00_가이드\second_review_responses\P3-F09.json
04,P3-F61,전자서명·PKI·시점확인,전면 재생성,A,재작업,"첫 번째 패널의 제목은 '전자서명 검증'이나, 실제 그림 내용은 '전자서명 생성' 과정을 보여주고 있어 제목과 내용이 일치하지 않습니다. 요구사항은 '전자서명 검증 흐름'을 구성하는 것이었습니다.","요구된 수정사항(세 개의 기능 패널 구성, 짧은 기능명 제목, 전체 제목 및 대괄호 제목 제거)은 잘 반영되었으나, 첫 번째 패널의 제목이 '전자서명 검증'임에도 불구하고 내용은 '전자서명 생성' 과정을 묘사하고 있어 개념적 오류가 있습니다.",C:\Users\javam\OneDrive\Documents\Generate Image\generate_image_with_nanobanana\나노바나나_전체_수정대상_작업팩_v2\03_수정완료\Part3\P3-F61.png,C:\Users\javam\OneDrive\Documents\Generate Image\generate_image_with_nanobanana\나노바나나_전체_수정대상_작업팩_v2\00_가이드\second_review_responses\P3-F61.json
04,P3-F13,SPF 검증 흐름,부분 수정,A,재작업,요구된 수정 사항 중 'none' SPF 판정 결과가 오른쪽에 표시되지 않았습니다.,"상단 제목과 하단 시험 강조점 박스는 제거되었으나, 요구사항에 명시된 'none' SPF 판정 결과가 누락되었습니다.",C:\Users\javam\OneDrive\Documents\Generate Image\generate_image_with_nanobanana\나노바나나_전체_수정대상_작업팩_v2\03_수정완료\Part3\P3-F13.png,C:\Users\javam\OneDrive\Documents\Generate Image\generate_image_with_nanobanana\나노바나나_전체_수정대상_작업팩_v2\00_가이드\second_review_responses\P3-F13.json
04,P3-F42,Same-Origin Policy와 CORS,부분 수정,A,재작업,상단에 'Origin 구성 비교'라는 새로운 전체 제목이 추가되어 '전체 제목 없이' 및 '상단 전체 제목 금지' 지시사항이 완전히 반영되지 않았습니다.,상단 전체 제목을 제거하라는 지시에도 불구하고 새로운 전체 제목이 추가되어 부분 수정 요구사항이 완전히 반영되지 않았습니다.,C:\Users\javam\OneDrive\Documents\Generate Image\generate_image_with_nanobanana\나노바나나_전체_수정대상_작업팩_v2\03_수정완료\Part3\P3-F42.png,C:\Users\javam\OneDrive\Documents\Generate Image\generate_image_with_nanobanana\나노바나나_전체_수정대상_작업팩_v2\00_가이드\second_review_responses\P3-F42.json
06,P5-F68,주요정보통신기반시설 보호체계,전면 재생성,A,재작업,정보통신기반보호위원회의 역할 중 '심의·의결'이 관계 중앙행정기관으로부터 받는 것으로 표시되어 있어 요구사항('정보통신기반보호위원회는 정책·조정 및 심의·의결')과 다릅니다. 위원회는 심의·의결을 수행하는 주체여야 합니다. | 전문기관의 역할 중 '취약점 분석평가 지원'이 명확히 표시되어 있지 않습니다. 요구사항에는 전문기관이 기술지원과 취약점 분석평가 지원을 한다고 명시되어 있습니다.,"상단 제목과 하단 그림 코드는 제거되었으나, 정보통신기반보호위원회와 전문기관의 역할 흐름이 요구사항과 다르게 표현되어 개념적 정확성이 부족합니다.",C:\Users\javam\OneDrive\Documents\Generate Image\generate_image_with_nanobanana\나노바나나_전체_수정대상_작업팩_v2\03_수정완료\Part5\P5-F68.png,C:\Users\javam\OneDrive\Documents\Generate Image\generate_image_with_nanobanana\나노바나나_전체_수정대상_작업팩_v2\00_가이드\second_review_responses\P5-F68.json
09,P3-F26,웹서버·WAS 하드닝,부분 수정,C,재작업,"요구사항에 따라 중복된 빨간색 경고문(주의: 배너 숨김은 패치·접근통제 대체 불가) 중 하나가 삭제되어야 했으나, 최종 이미지에는 두 개 모두 남아있습니다.","상단 전체 제목 및 코드는 삭제되었으나, 중복된 빨간색 경고문 중 하나가 삭제되지 않았습니다.",C:\Users\javam\OneDrive\Documents\Generate Image\generate_image_with_nanobanana\나노바나나_전체_수정대상_작업팩_v2\03_수정완료\Part3\P3-F26.png,C:\Users\javam\OneDrive\Documents\Generate Image\generate_image_with_nanobanana\나노바나나_전체_수정대상_작업팩_v2\00_가이드\second_review_responses\P3-F26.json
09,P3-F34,안전한 파일 업로드 파이프라인,부분 수정,C,재작업,상단 전체 제목이 삭제되지 않아 '내부 전체 제목·그림 코드 금지' 정책을 위반했습니다. | 요구된 수정 사항(상단 전체 제목 삭제)이 반영되지 않았습니다.,상단 전체 제목 '안전한 파일 업로드 파이프라인'이 삭제되지 않아 요구된 수정 사항이 반영되지 않았습니다.,C:\Users\javam\OneDrive\Documents\Generate Image\generate_image_with_nanobanana\나노바나나_전체_수정대상_작업팩_v2\03_수정완료\Part3\P3-F34.png,C:\Users\javam\OneDrive\Documents\Generate Image\generate_image_with_nanobanana\나노바나나_전체_수정대상_작업팩_v2\00_가이드\second_review_responses\P3-F34.json
10,P3-F69,암호·비밀·오류·로그 안전 코딩,부분 수정,C,재작업,상단 전체 제목·코드가 삭제되지 않았습니다. | 내부 전체 제목·그림 코드 금지 정책을 위반합니다.,"상단 전체 제목과 코드가 삭제되지 않아 요구된 수정 사항이 반영되지 않았으며, 내부 전체 제목·그림 코드 금지 정책을 위반합니다.",C:\Users\javam\OneDrive\Documents\Generate Image\generate_image_with_nanobanana\나노바나나_전체_수정대상_작업팩_v2\03_수정완료\Part3\P3-F69.png,C:\Users\javam\OneDrive\Documents\Generate Image\generate_image_with_nanobanana\나노바나나_전체_수정대상_작업팩_v2\00_가이드\second_review_responses\P3-F69.json
10,P3-F71,DevSecOps·공급망·SBOM,부분 수정,C,재작업,"핵심 용어인 'Chain of Custody'가 '관리n of Custody'로 번역되어 어색하며, '관리의 연속성' 또는 '관리 체인' 등으로 수정이 필요합니다.","상단 제목 및 코드 제거는 잘 반영되었으나, 'Chain of Custody' 번역이 '관리n of Custody'로 부자연스럽게 되어 수정이 필요합니다.",C:\Users\javam\OneDrive\Documents\Generate Image\generate_image_with_nanobanana\나노바나나_전체_수정대상_작업팩_v2\03_수정완료\Part3\P3-F71.png,C:\Users\javam\OneDrive\Documents\Generate Image\generate_image_with_nanobanana\나노바나나_전체_수정대상_작업팩_v2\00_가이드\second_review_responses\P3-F71.json
11,P4-F19,DAC·MAC·RBAC·ABAC·CBAC 비교,부분 수정,C,재작업,"요구된 수정사항(전체 제목 삭제)이 완전히 반영되지 않았습니다. 상단 코드 배너는 삭제되었으나, 'DAC·MAC·RBAC·ABAC·CBAC 비교'라는 전체 제목이 그림 내부에 여전히 존재합니다. | 제목 정책(내부 전체 제목·그림 코드 금지)을 위반했습니다. 그림 내부에 'DAC·MAC·RBAC·ABAC·CBAC 비교'라는 전체 제목이 남아 있습니다.","상단 코드 배너는 삭제되었으나, 전체 제목이 그림 내부에 남아 있어 제목 정책을 위반하고 수정 요구사항이 완전히 반영되지 않았습니다.",C:\Users\javam\OneDrive\Documents\Generate Image\generate_image_with_nanobanana\나노바나나_전체_수정대상_작업팩_v2\03_수정완료\Part4\P4-F19.png,C:\Users\javam\OneDrive\Documents\Generate Image\generate_image_with_nanobanana\나노바나나_전체_수정대상_작업팩_v2\00_가이드\second_review_responses\P4-F19.json
12,P5-F09,정보자산 식별과 분류,부분 수정,C,재작업,"분류 등급 목록에 '대외비'와 '공개'가 각각 두 번씩 중복되어 표시되어 있어, 명확한 분류 체계를 나타내지 못합니다.","상단 코드와 전체 제목은 삭제되었으나, 분류 등급 목록에 '대외비'와 '공개'가 중복되어 표시되어 개념적 정확성이 부족합니다.",C:\Users\javam\OneDrive\Documents\Generate Image\generate_image_with_nanobanana\나노바나나_전체_수정대상_작업팩_v2\03_수정완료\Part5\P5-F09.png,C:\Users\javam\OneDrive\Documents\Generate Image\generate_image_with_nanobanana\나노바나나_전체_수정대상_작업팩_v2\00_가이드\second_review_responses\P5-F09.json
12,P5-F13,위험분석 접근방법 비교,부분 수정,C,재작업,"요구된 수정 사항(깨진 전체 제목 삭제)이 최종 이미지에 반영되지 않았습니다. | 그림 상단의 '위험 분석업 vs 가자 비교'라는 제목은 주제(위험분석 접근방법 비교)와 개념적으로 일치하지 않으며, 오탈자로 인해 의미가 왜곡되어 있습니다. | 제목 정책(내부 전체 제목·그림 코드 금지)에 따라 부적절한 제목은 제거되어야 했으나, 여전히 남아있습니다.","요구된 수정 사항인 '깨진 전체 제목 삭제'가 반영되지 않았으며, 여전히 부적절한 제목이 남아있어 개념적 정확성과 제목 정책을 위반합니다.",C:\Users\javam\OneDrive\Documents\Generate Image\generate_image_with_nanobanana\나노바나나_전체_수정대상_작업팩_v2\03_수정완료\Part5\P5-F13.png,C:\Users\javam\OneDrive\Documents\Generate Image\generate_image_with_nanobanana\나노바나나_전체_수정대상_작업팩_v2\00_가이드\second_review_responses\P5-F13.json
12,P5-F17,위험 매트릭스,부분 수정,C,재작업,"'토치 처리'라는 용어가 위험 관리 맥락에서 부적절하며, 오탈자 또는 잘못된 용어로 보입니다. | 기존 '그림 내부 코드·중복 제목·지시문 또는 국소 오탈자가 남아 있다'는 수정 사항 중 '국소 오탈자'가 해결되지 않았거나 새로운 오탈자가 발생했습니다.","상단 코드와 전체 제목은 삭제되었으나, '토치 처리'라는 용어가 위험 관리 맥락에서 부적절하여 수정이 필요합니다.",C:\Users\javam\OneDrive\Documents\Generate Image\generate_image_with_nanobanana\나노바나나_전체_수정대상_작업팩_v2\03_수정완료\Part5\P5-F17.png,C:\Users\javam\OneDrive\Documents\Generate Image\generate_image_with_nanobanana\나노바나나_전체_수정대상_작업팩_v2\00_가이드\second_review_responses\P5-F17.json
13,P5-F27,형상·변경관리 흐름,부분 수정,C,재작업,"요구된 수정사항(깨진 전체 제목 삭제)이 반영되지 않았습니다. | 그림 내부에 전체 제목(""정보보안 구성 및 변경관리 조로"")이 남아 있어 '내부 전체 제목·그림 코드 금지' 정책을 위반합니다.","요구된 수정사항(깨진 전체 제목 삭제)이 반영되지 않았으며, 그림 내부에 전체 제목이 남아 있어 제목 정책을 위반합니다.",C:\Users\javam\OneDrive\Documents\Generate Image\generate_image_with_nanobanana\나노바나나_전체_수정대상_작업팩_v2\03_수정완료\Part5\P5-F27.png,C:\Users\javam\OneDrive\Documents\Generate Image\generate_image_with_nanobanana\나노바나나_전체_수정대상_작업팩_v2\00_가이드\second_review_responses\P5-F27.json
