"priority","part","code","title","action","source_width","source_height","actual_width","actual_height","source_ok","dimension_ok","input_abs","output_abs","workpack_source","output_filename","title_policy","issue","required_correction"
"A","1","P1-F32","자산·위협·취약점·통제·위험 관계","전면 재생성","2048","1136","2048","1136","True","True","C:\Users\javam\OneDrive\Documents\그림만들기\나노바나나_전체_수정대상_작업팩_v2\01_전면재생성\Part1\P1-F32.png","C:\Users\javam\OneDrive\Documents\그림만들기\나노바나나_전체_수정대상_작업팩_v2\03_수정완료\Part1\P1-F32.png","01_전면재생성/Part1/P1-F32.png","P1-F32.png","내부 전체 제목 1개 유지, 그림 코드 금지","자산·취약점·통제의 화살표가 인과관계를 반대로 읽히게 한다.","`위협원 → 취약점 악용 → 공격/사건 → 영향/손실`을 주 흐름으로, 통제는 취약점·가능성·영향을 낮추는 방향으로 재구성. `위험=가능성×영향`, `잔여위험` 표시."
"A","1","P1-F52","시스템 분석 도구 분류 지도","전면 재생성","2048","1136","2048","1136","True","True","C:\Users\javam\OneDrive\Documents\그림만들기\나노바나나_전체_수정대상_작업팩_v2\01_전면재생성\Part1\P1-F52.png","C:\Users\javam\OneDrive\Documents\그림만들기\나노바나나_전체_수정대상_작업팩_v2\03_수정완료\Part1\P1-F52.png","01_전면재생성/Part1/P1-F52.png","P1-F52.png","내부 전체 제목 1개 유지, 그림 코드 금지","도구 분류가 혼재되어 패킷·로그·취약점·무결성 도구의 역할을 잘못 학습할 수 있다.","`호스트·포트`, `취약점 스캐너`, `파일 무결성`, `패킷·IDS`, `로그·SIEM`, `프로세스·루트킷`, `악성코드 분석` 7분류로 재구성하고 도구 역할을 올바르게 배치."
"A","2","P2-F02","OSI 7계층과 TCP/IP 계층 대응","전면 재생성","2848","1504","2848","1504","True","True","C:\Users\javam\OneDrive\Documents\그림만들기\나노바나나_전체_수정대상_작업팩_v2\01_전면재생성\Part2\P2-F02.png","C:\Users\javam\OneDrive\Documents\그림만들기\나노바나나_전체_수정대상_작업팩_v2\03_수정완료\Part2\P2-F02.png","01_전면재생성/Part2/P2-F02.png","P2-F02.png","내부 전체 제목·그림 코드 금지","Repeater·Hub를 Switch와 함께 L2로 묶어 계층 대응이 틀렸다.","OSI↔TCP/IP 대응을 다시 그리고 장비는 L1 Repeater/Hub, L2 Bridge/Switch, L3 Router/L3 Switch, L4 Load Balancer, L7 Proxy/WAF로 분리."
"A","2","P2-F10","STP 루프 방지","전면 재생성","2848","1504","2848","1504","True","True","C:\Users\javam\OneDrive\Documents\그림만들기\나노바나나_전체_수정대상_작업팩_v2\01_전면재생성\Part2\P2-F10.png","C:\Users\javam\OneDrive\Documents\그림만들기\나노바나나_전체_수정대상_작업팩_v2\03_수정완료\Part2\P2-F10.png","01_전면재생성/Part2/P2-F10.png","P2-F10.png","내부 전체 제목·그림 코드 금지","Root Bridge에 Root Port가 있는 것으로 표시되고, 중복 링크 양쪽을 모두 차단한 것으로 보여 STP 역할이 틀렸다.","Root Bridge에는 Root Port가 없고 모든 포트가 Designated/Forwarding임을 표시. 비루트 스위치는 각 1개 Root Port, 중복 세그먼트는 한쪽 Designated/Forwarding·다른 쪽 Alternate/Discarding."
"A","2","P2-F20","DHCP DORA와 공격면","전면 재생성","1600","850","1600","850","True","True","C:\Users\javam\OneDrive\Documents\그림만들기\나노바나나_전체_수정대상_작업팩_v2\01_전면재생성\Part2\P2-F20.png","C:\Users\javam\OneDrive\Documents\그림만들기\나노바나나_전체_수정대상_작업팩_v2\03_수정완료\Part2\P2-F20.png","01_전면재생성/Part2/P2-F20.png","P2-F20.png","내부 전체 제목·그림 코드 금지","DORA 단계의 방향과 정상·공격 흐름이 교차해 절차가 잘못 읽힌다.","Discover C→S, Offer S→C, Request C→S, ACK S→C를 한 줄로 명확히 표시하고 Starvation/Rogue DHCP/DHCP Snooping은 별도 패널."
"A","2","P2-F31","WEP에서 WPA3까지 무선 보안 발전","전면 재생성","1600","850","1600","850","True","True","C:\Users\javam\OneDrive\Documents\그림만들기\나노바나나_전체_수정대상_작업팩_v2\01_전면재생성\Part2\P2-F31.png","C:\Users\javam\OneDrive\Documents\그림만들기\나노바나나_전체_수정대상_작업팩_v2\03_수정완료\Part2\P2-F31.png","01_전면재생성/Part2/P2-F31.png","P2-F31.png","내부 전체 제목·그림 코드 금지","WPA 계열의 개인용·기업용 인증, 키 관리, 데이터 보호가 혼재하고 SAE 적용 범위가 잘못 읽힌다.","WEP/WPA/WPA2/WPA3를 개인용 인증·기업용 인증·데이터 보호·현재 판단으로 분리. SAE=WPA3-Personal, Enterprise=802.1X/EAP, WPA3 PMF 필수."
"A","2","P2-F32","802.1X·EAP·RADIUS 인증 흐름","전면 재생성","1600","850","1600","850","True","True","C:\Users\javam\OneDrive\Documents\그림만들기\나노바나나_전체_수정대상_작업팩_v2\01_전면재생성\Part2\P2-F32.png","C:\Users\javam\OneDrive\Documents\그림만들기\나노바나나_전체_수정대상_작업팩_v2\03_수정완료\Part2\P2-F32.png","01_전면재생성/Part2/P2-F32.png","P2-F32.png","내부 전체 제목·그림 코드 금지","EAP Challenge/Response 왕복과 최종 Access-Accept 전 포트 개방 시점이 지나치게 단순화되었다.","Supplicant–Authenticator–RADIUS 사이 EAP Challenge/Response 왕복을 표시하고 최종 Access-Accept/EAP-Success 이후 Controlled Port와 VLAN/ACL을 허용."
"A","2","P2-F41","TCP·UDP 스캔 응답 매트릭스","전면 재생성","1600","850","1600","850","True","True","C:\Users\javam\OneDrive\Documents\그림만들기\나노바나나_전체_수정대상_작업팩_v2\01_전면재생성\Part2\P2-F41.png","C:\Users\javam\OneDrive\Documents\그림만들기\나노바나나_전체_수정대상_작업팩_v2\03_수정완료\Part2\P2-F41.png","01_전면재생성/Part2/P2-F41.png","P2-F41.png","내부 전체 제목·그림 코드 금지","ACK Scan을 open/closed 판별처럼 보이게 하여 스캔 응답 의미가 틀렸다.","ACK Scan은 open/closed 구분 불가, RST=unfiltered, 무응답/ICMP=filtered로 표시. SYN/Connect/FIN-NULL-Xmas/UDP 결과도 표준 응답으로 정리."
"A","2","P2-F51","방화벽·DMZ 구축 유형","전면 재생성","1600","850","1600","850","True","True","C:\Users\javam\OneDrive\Documents\그림만들기\나노바나나_전체_수정대상_작업팩_v2\01_전면재생성\Part2\P2-F51.png","C:\Users\javam\OneDrive\Documents\그림만들기\나노바나나_전체_수정대상_작업팩_v2\03_수정완료\Part2\P2-F51.png","01_전면재생성/Part2/P2-F51.png","P2-F51.png","내부 전체 제목·그림 코드 금지","Dual-Homed·Screened Host·Screened Subnet의 배치 구조가 표준 개념과 다르다.","Dual-Homed Host=두 NIC Bastion/Proxy, Screened Host=Screening Router+내부측 Bastion, Screened Subnet=두 필터링 지점이 DMZ 생성으로 재구성."
"A","2","P2-F61","TLS 1.3 핸드셰이크와 보호 범위","전면 재생성","1600","850","1600","850","True","True","C:\Users\javam\OneDrive\Documents\그림만들기\나노바나나_전체_수정대상_작업팩_v2\01_전면재생성\Part2\P2-F61.png","C:\Users\javam\OneDrive\Documents\그림만들기\나노바나나_전체_수정대상_작업팩_v2\03_수정완료\Part2\P2-F61.png","01_전면재생성/Part2/P2-F61.png","P2-F61.png","내부 전체 제목·그림 코드 금지","TLS 1.3의 EncryptedExtensions와 ServerHello 이후 핸드셰이크 보호 시작점이 빠졌다.","ClientHello→ServerHello 후 핸드셰이크 키 보호 시작, EncryptedExtensions→Certificate→CertificateVerify→Server Finished→Client Finished→Application Data 순서."
"A","2","P2-F62","SSH 연결과 안전한 원격관리","전면 재생성","1600","850","1600","850","True","True","C:\Users\javam\OneDrive\Documents\그림만들기\나노바나나_전체_수정대상_작업팩_v2\01_전면재생성\Part2\P2-F62.png","C:\Users\javam\OneDrive\Documents\그림만들기\나노바나나_전체_수정대상_작업팩_v2\03_수정완료\Part2\P2-F62.png","01_전면재생성/Part2/P2-F62.png","P2-F62.png","내부 전체 제목·그림 코드 금지","SSH 호스트키 검증이 키 교환보다 먼저 일어나는 것으로 그려져 순서가 틀렸다.","TCP 연결→버전 교환→KEX와 서버 Host Key 서명/known_hosts 검증→암호화 전송 성립→사용자 인증→채널/셸/포워딩 순서로 재구성."
"A","2","P2-F65","IKE 단계와 VPN 유형","전면 재생성","1600","850","1600","850","True","True","C:\Users\javam\OneDrive\Documents\그림만들기\나노바나나_전체_수정대상_작업팩_v2\01_전면재생성\Part2\P2-F65.png","C:\Users\javam\OneDrive\Documents\그림만들기\나노바나나_전체_수정대상_작업팩_v2\03_수정완료\Part2\P2-F65.png","01_전면재생성/Part2/P2-F65.png","P2-F65.png","내부 전체 제목·그림 코드 금지","IKEv2 왕복 구조에 IKEv1 역사 설명이 섞여 있다.","IKE_SA_INIT Request/Response, IKE_AUTH Request/Response, CREATE_CHILD_SA로 재구성. IKEv1 `ISAKMP+Oakley/SKEME` 문구는 본도식에서 제거."
"A","3","P3-F04","FTP Active와 Passive 모드","전면 재생성","1800","1004","1800","1004","True","True","C:\Users\javam\OneDrive\Documents\그림만들기\나노바나나_전체_수정대상_작업팩_v2\01_전면재생성\Part3\P3-F04.png","C:\Users\javam\OneDrive\Documents\그림만들기\나노바나나_전체_수정대상_작업팩_v2\03_수정완료\Part3\P3-F04.png","01_전면재생성/Part3/P3-F04.png","P3-F04.png","내부 전체 제목·그림 코드 금지","Active/Passive 데이터 연결 방향과 NAT·방화벽 설명이 깨지고 혼재한다.","제어 연결은 양 모드 모두 Client→Server TCP 21. Active는 Server TCP 20→Client 지정 포트, Passive는 Client→Server 고포트. NAT/방화벽 주의점 분리."
"A","3","P3-F05","FTP 명령과 응답 코드 흐름","전면 재생성","1800","1004","1800","1004","True","True","C:\Users\javam\OneDrive\Documents\그림만들기\나노바나나_전체_수정대상_작업팩_v2\01_전면재생성\Part3\P3-F05.png","C:\Users\javam\OneDrive\Documents\그림만들기\나노바나나_전체_수정대상_작업팩_v2\03_수정완료\Part3\P3-F05.png","01_전면재생성/Part3/P3-F05.png","P3-F05.png","내부 전체 제목·그림 코드 금지","FTP 명령·응답 화살표 방향과 전송 완료 응답 위치가 틀렸다.","USER/PASS/PWD/CWD/LIST/RETR/STOR/QUIT는 C→S, 응답은 S→C. LIST/RETR/STOR의 별도 데이터 연결과 1xx preliminary, 226 final completion을 분리."
"A","3","P3-F09","SMTP 대화와 포트","전면 재생성","1800","1004","1800","1004","True","True","C:\Users\javam\OneDrive\Documents\그림만들기\나노바나나_전체_수정대상_작업팩_v2\01_전면재생성\Part3\P3-F09.png","C:\Users\javam\OneDrive\Documents\그림만들기\나노바나나_전체_수정대상_작업팩_v2\03_수정완료\Part3\P3-F09.png","01_전면재생성/Part3/P3-F09.png","P3-F09.png","내부 전체 제목·그림 코드 금지","SMTP 명령·응답 방향과 STARTTLS 위치가 잘못 읽히며 제목도 깨졌다.","EHLO C→S, 250 S→C, STARTTLS C→S, TLS 협상 후 MAIL FROM/RCPT TO/DATA/본문/`.` C→S, 250 S→C, QUIT C→S, 221 S→C. 25/587/465 역할 분리."
"A","3","P3-F11","MIME 메시지 구조","전면 재생성","1800","1004","1800","1004","True","True","C:\Users\javam\OneDrive\Documents\그림만들기\나노바나나_전체_수정대상_작업팩_v2\01_전면재생성\Part3\P3-F11.png","C:\Users\javam\OneDrive\Documents\그림만들기\나노바나나_전체_수정대상_작업팩_v2\03_수정완료\Part3\P3-F11.png","01_전면재생성/Part3/P3-F11.png","P3-F11.png","내부 전체 제목·그림 코드 금지","MIME 헤더·본문·첨부 예시가 광범위하게 깨져 구조를 신뢰할 수 없다.","정상 MIME 예시로 재작성: MIME-Version, multipart/mixed boundary, text/plain UTF-8, application/pdf attachment, Content-Disposition, Base64. `Base64는 암호화가 아님` 표시."
"A","3","P3-F12","메일 헤더 추적과 Authentication-Results","전면 재생성","1800","1004","1800","1004","True","True","C:\Users\javam\OneDrive\Documents\그림만들기\나노바나나_전체_수정대상_작업팩_v2\01_전면재생성\Part3\P3-F12.png","C:\Users\javam\OneDrive\Documents\그림만들기\나노바나나_전체_수정대상_작업팩_v2\03_수정완료\Part3\P3-F12.png","01_전면재생성/Part3/P3-F12.png","P3-F12.png","내부 전체 제목·그림 코드 금지","Received·주소·인증결과가 깨지고 SPF/DKIM/DMARC 결과가 서로 모순된다.","Received는 위쪽에 누적되고 아래→위로 추적. Header From·Return-Path·Message-ID·Authentication-Results를 분리하고 일관된 `spf=pass`, `dkim=pass`, `dmarc=pass` 예시 사용."
"A","3","P3-F14","DKIM 서명과 검증","전면 재생성","1800","1004","1800","1004","True","True","C:\Users\javam\OneDrive\Documents\그림만들기\나노바나나_전체_수정대상_작업팩_v2\01_전면재생성\Part3\P3-F14.png","C:\Users\javam\OneDrive\Documents\그림만들기\나노바나나_전체_수정대상_작업팩_v2\03_수정완료\Part3\P3-F14.png","01_전면재생성/Part3/P3-F14.png","P3-F14.png","내부 전체 제목·그림 코드 금지","DKIM 공개키·해시·서명 검증 흐름이 뒤섞여 역할과 방향이 틀렸다.","발신 MTA가 선택 헤더·본문을 정규화/해시하고 도메인 개인키로 서명. 수신자는 `selector._domainkey` 공개키를 DNS에서 받아 동일 데이터의 서명과 body hash를 검증."
"A","3","P3-F15","DMARC 정렬·정책·보고","전면 재생성","1800","1004","1800","1004","True","True","C:\Users\javam\OneDrive\Documents\그림만들기\나노바나나_전체_수정대상_작업팩_v2\01_전면재생성\Part3\P3-F15.png","C:\Users\javam\OneDrive\Documents\그림만들기\나노바나나_전체_수정대상_작업팩_v2\03_수정완료\Part3\P3-F15.png","01_전면재생성/Part3/P3-F15.png","P3-F15.png","내부 전체 제목·그림 코드 금지","DMARC 판정이 SPF와 DKIM을 모두 요구하는 것처럼 보이며 한글 손상이 광범위하다.","DMARC 통과 조건을 `(SPF pass AND aligned) OR (DKIM pass AND aligned)`로 표시. Header From 정렬, p=none/quarantine/reject, 보고를 분리."
"A","3","P3-F19","URL과 HTTP 요청·응답 구조","전면 재생성","1800","1004","1800","1004","True","True","C:\Users\javam\OneDrive\Documents\그림만들기\나노바나나_전체_수정대상_작업팩_v2\01_전면재생성\Part3\P3-F19.png","C:\Users\javam\OneDrive\Documents\그림만들기\나노바나나_전체_수정대상_작업팩_v2\03_수정완료\Part3\P3-F19.png","01_전면재생성/Part3/P3-F19.png","P3-F19.png","내부 전체 제목·그림 코드 금지","URL 구성요소와 HTTP 예시가 깨지고 path·fragment 설명이 잘못 읽힌다.","URL을 scheme/host/port/path/query/fragment로 정확히 분해하고 fragment는 서버에 전송되지 않음을 표시. 정상 HTTP 요청·응답 예시로 교체."
"A","3","P3-F25","서버 인증서 검증과 신뢰사슬","전면 재생성","1800","1004","1800","1004","True","True","C:\Users\javam\OneDrive\Documents\그림만들기\나노바나나_전체_수정대상_작업팩_v2\01_전면재생성\Part3\P3-F25.png","C:\Users\javam\OneDrive\Documents\그림만들기\나노바나나_전체_수정대상_작업팩_v2\03_수정완료\Part3\P3-F25.png","01_전면재생성/Part3/P3-F25.png","P3-F25.png","내부 전체 제목·그림 코드 금지","서버 인증서를 Root CA처럼 보이게 하며 체인·호스트명·폐기 검증 구조가 혼재한다.","서버 Leaf+Intermediate→로컬 Root Trust Anchor 체인으로 표시하고 서명·유효기간·SAN hostname·KU/EKU·Basic Constraints·폐기상태를 검증."
"A","3","P3-F33","Broken Access Control과 IDOR","전면 재생성","1800","1004","1800","1004","True","True","C:\Users\javam\OneDrive\Documents\그림만들기\나노바나나_전체_수정대상_작업팩_v2\01_전면재생성\Part3\P3-F33.png","C:\Users\javam\OneDrive\Documents\그림만들기\나노바나나_전체_수정대상_작업팩_v2\03_수정완료\Part3\P3-F33.png","01_전면재생성/Part3/P3-F33.png","P3-F33.png","내부 전체 제목·그림 코드 금지","제목과 본문이 광범위하게 깨져 서버측 객체 인가 원리가 전달되지 않는다.","User A의 자기 객체 요청은 Allow, 타 사용자 객체 ID 변경 요청은 서버측 소유권·역할·테넌트 검사 후 Deny. UUID·버튼 숨김은 인가 대체가 아님 표시."
"A","3","P3-F47","DNS 레코드 유형","전면 재생성","1800","1004","1800","1004","True","True","C:\Users\javam\OneDrive\Documents\그림만들기\나노바나나_전체_수정대상_작업팩_v2\01_전면재생성\Part3\P3-F47.png","C:\Users\javam\OneDrive\Documents\그림만들기\나노바나나_전체_수정대상_작업팩_v2\03_수정완료\Part3\P3-F47.png","01_전면재생성/Part3/P3-F47.png","P3-F47.png","내부 전체 제목·그림 코드 금지","AAAA를 별칭처럼 표시하고 NS를 중복하는 등 레코드 매핑이 틀렸다.","A/AAAA/CNAME/MX/NS/SOA/TXT/PTR/SRV의 정확한 이름→값 매핑 표로 재구성."
"A","3","P3-F49","DNS 공격과 대응 지도","전면 재생성","1800","1004","1800","1004","True","True","C:\Users\javam\OneDrive\Documents\그림만들기\나노바나나_전체_수정대상_작업팩_v2\01_전면재생성\Part3\P3-F49.png","C:\Users\javam\OneDrive\Documents\그림만들기\나노바나나_전체_수정대상_작업팩_v2\03_수정완료\Part3\P3-F49.png","01_전면재생성/Part3/P3-F49.png","P3-F49.png","내부 전체 제목·그림 코드 금지","DNSSEC·BCP38·터널링·증폭 대응의 연결이 잘못 매핑되었다.","Poisoning→TXID/Port randomization·Bailiwick·DNSSEC, Amplification→Open resolver 제거·RRL·BCP38, Tunneling→Resolver egress·행위분석, Hijacking→Registrar MFA/Lock으로 재매핑."
"A","3","P3-F50","DNSSEC 신뢰사슬","전면 재생성","1800","1004","1800","1004","True","True","C:\Users\javam\OneDrive\Documents\그림만들기\나노바나나_전체_수정대상_작업팩_v2\01_전면재생성\Part3\P3-F50.png","C:\Users\javam\OneDrive\Documents\그림만들기\나노바나나_전체_수정대상_작업팩_v2\03_수정완료\Part3\P3-F50.png","01_전면재생성/Part3/P3-F50.png","P3-F50.png","내부 전체 제목·그림 코드 금지","부모 존의 DS 위치와 Root Trust Anchor 검증 사슬이 틀렸다.","Root Trust Anchor→Root DNSKEY 검증, 부모 Zone의 DS→자식 DNSKEY/KSK, 자식 RRset의 RRSIG 검증 흐름으로 재구성. NSEC/NSEC3는 인증된 부재."
"A","3","P3-F54","DB 암호화와 키 관리","전면 재생성","1800","1004","1800","1004","True","True","C:\Users\javam\OneDrive\Documents\그림만들기\나노바나나_전체_수정대상_작업팩_v2\01_전면재생성\Part3\P3-F54.png","C:\Users\javam\OneDrive\Documents\그림만들기\나노바나나_전체_수정대상_작업팩_v2\03_수정완료\Part3\P3-F54.png","01_전면재생성/Part3/P3-F54.png","P3-F54.png","내부 전체 제목·그림 코드 금지","DB 암호화 계층과 키 보관·역할 설명이 깨지고 혼재한다.","전송 TLS, 저장 TDE, 열/필드 암호화, 애플리케이션 계층 암호화, KMS/HSM 분리를 계층화. 암호화가 SQLi·권한 오남용을 자동 차단하지 않음을 표시."
"A","3","P3-F56","전자상거래 신뢰모델과 보안요소","전면 재생성","1800","1004","1800","1004","True","True","C:\Users\javam\OneDrive\Documents\그림만들기\나노바나나_전체_수정대상_작업팩_v2\01_전면재생성\Part3\P3-F56.png","C:\Users\javam\OneDrive\Documents\그림만들기\나노바나나_전체_수정대상_작업팩_v2\03_수정완료\Part3\P3-F56.png","01_전면재생성/Part3/P3-F56.png","P3-F56.png","내부 전체 제목·그림 코드 금지","구매자·가맹점·게이트웨이·금융기관의 정보 흐름과 역할이 깨졌다.","구매자·가맹점·PG/VAN/Payment Gateway·발급사·매입사/은행·CA를 분리하고 주문·지급·승인·정산 흐름 및 보안요소를 재구성."
"A","3","P3-F57","전자지불 수단과 보안요소","전면 재생성","1800","1004","1800","1004","True","True","C:\Users\javam\OneDrive\Documents\그림만들기\나노바나나_전체_수정대상_작업팩_v2\01_전면재생성\Part3\P3-F57.png","C:\Users\javam\OneDrive\Documents\그림만들기\나노바나나_전체_수정대상_작업팩_v2\03_수정완료\Part3\P3-F57.png","01_전면재생성/Part3/P3-F57.png","P3-F57.png","내부 전체 제목·그림 코드 금지","전자지불 수단별 위험·통제가 중복·오탈자로 신뢰하기 어렵다.","신용카드·계좌이체·전자화폐/선불·모바일결제별 핵심 위험과 보호 통제를 4열 비교로 단순화."
"A","3","P3-F58","SET 참여자와 거래 흐름","전면 재생성","1800","1004","1800","1004","True","True","C:\Users\javam\OneDrive\Documents\그림만들기\나노바나나_전체_수정대상_작업팩_v2\01_전면재생성\Part3\P3-F58.png","C:\Users\javam\OneDrive\Documents\그림만들기\나노바나나_전체_수정대상_작업팩_v2\03_수정완료\Part3\P3-F58.png","01_전면재생성/Part3/P3-F58.png","P3-F58.png","내부 전체 제목·그림 코드 금지","SET 참여자·주문정보·지급정보·승인 흐름의 방향이 모호하거나 틀렸다.","Cardholder→Merchant 주문정보, 지급정보는 Payment Gateway 공개키로 보호, Merchant→Gateway 승인요청, Gateway↔Issuer/Acquirer 승인·정산, CA는 인증서 지원으로 재구성."
"A","3","P3-F59","SET 이중서명","전면 재생성","1800","1004","1800","1004","True","True","C:\Users\javam\OneDrive\Documents\그림만들기\나노바나나_전체_수정대상_작업팩_v2\01_전면재생성\Part3\P3-F59.png","C:\Users\javam\OneDrive\Documents\그림만들기\나노바나나_전체_수정대상_작업팩_v2\03_수정완료\Part3\P3-F59.png","01_전면재생성/Part3/P3-F59.png","P3-F59.png","내부 전체 제목·그림 코드 금지","고객 공개키가 서명 생성에 쓰이는 것처럼 보이고 이중서명 검증식이 틀렸다.","`PIMD=H(PI)`, `OIMD=H(OI)`, `POMD=H(PIMD||OIMD)`, `DS=Sign_customer_private(POMD)`. Merchant는 OI+PIMD, Gateway는 PI+OIMD로 고객 공개키 검증."
"A","3","P3-F60","전자화폐와 은닉서명","전면 재생성","1800","1004","1800","1004","True","True","C:\Users\javam\OneDrive\Documents\그림만들기\나노바나나_전체_수정대상_작업팩_v2\01_전면재생성\Part3\P3-F60.png","C:\Users\javam\OneDrive\Documents\그림만들기\나노바나나_전체_수정대상_작업팩_v2\03_수정완료\Part3\P3-F60.png","01_전면재생성/Part3/P3-F60.png","P3-F60.png","내부 전체 제목·그림 코드 금지","은닉·서명·해제·이중지불 확인의 흐름이 뒤섞여 있다.","사용자 Blind→은행이 Blinded value 서명→사용자 Unblind→상점이 은행 공개키 검증→발행기관/DB가 이중지불 확인 순서."
"A","3","P3-F61","전자서명·PKI·시점확인","전면 재생성","1800","1004","1800","1004","True","True","C:\Users\javam\OneDrive\Documents\그림만들기\나노바나나_전체_수정대상_작업팩_v2\01_전면재생성\Part3\P3-F61.png","C:\Users\javam\OneDrive\Documents\그림만들기\나노바나나_전체_수정대상_작업팩_v2\03_수정완료\Part3\P3-F61.png","01_전면재생성/Part3/P3-F61.png","P3-F61.png","내부 전체 제목·그림 코드 금지","전자서명, 인증서 경로, TSA의 역할이 한 흐름에서 뒤섞여 잘못 읽힌다.","서명 생성/검증, 인증서 경로/폐기 검증, TSA Timestamp Token을 세 패널로 분리하고 TSA는 데이터 해시+신뢰시각을 서명한다고 표시."
"A","3","P3-F66","Secure SDLC 보안활동","전면 재생성","1800","1004","1800","1004","True","True","C:\Users\javam\OneDrive\Documents\그림만들기\나노바나나_전체_수정대상_작업팩_v2\01_전면재생성\Part3\P3-F66.png","C:\Users\javam\OneDrive\Documents\그림만들기\나노바나나_전체_수정대상_작업팩_v2\03_수정완료\Part3\P3-F66.png","01_전면재생성/Part3/P3-F66.png","P3-F66.png","내부 전체 제목·그림 코드 금지","Secure SDLC 단계 순서가 틀리고 Build 단계에 폐기·삭제가 배치되어 있다.","Plan/Requirements→Design/Threat Modeling→Implement/Secure Coding→Build/SBOM·무결성→Test→Deploy→Operate→Retire/데이터 삭제·키 폐기 순서로 재구성."
"A","3","P3-F13","SPF 검증 흐름","부분 수정","1800","1004","1800","1004","True","True","C:\Users\javam\OneDrive\Documents\그림만들기\나노바나나_전체_수정대상_작업팩_v2\02_부분수정\Part3\P3-F13.png","C:\Users\javam\OneDrive\Documents\그림만들기\나노바나나_전체_수정대상_작업팩_v2\03_수정완료\Part3\P3-F13.png","02_부분수정/Part3/P3-F13.png","P3-F13.png","내부 전체 제목·그림 코드 금지","SPF result 의미가 잘못되었다. softfail은 임시 오류가 아니고, 정책 없음은 none이다.","결과 라벨을 pass=허용, fail=명시적 비허용, softfail=약한 실패, neutral=정책 판단 없음, none=SPF 레코드 없음, temperror/permerror로 교체."
"A","3","P3-F24","TLS 1.3 핸드셰이크","부분 수정","1800","1004","1800","1004","True","True","C:\Users\javam\OneDrive\Documents\그림만들기\나노바나나_전체_수정대상_작업팩_v2\02_부분수정\Part3\P3-F24.png","C:\Users\javam\OneDrive\Documents\그림만들기\나노바나나_전체_수정대상_작업팩_v2\03_수정완료\Part3\P3-F24.png","02_부분수정/Part3/P3-F24.png","P3-F24.png","내부 전체 제목·그림 코드 금지","TLS 1.3 보호 시작점과 CertificateVerify·Finished의 역할 라벨이 부정확하다.","ServerHello 이후 후속 핸드셰이크가 보호됨을 표시. CertificateVerify=`인증서 개인키 보유 증명/Transcript 서명`, Finished=`Transcript MAC·키 확인`으로 교체."
"A","3","P3-F31","CSRF 공격과 방어","부분 수정","1800","1004","1800","1004","True","True","C:\Users\javam\OneDrive\Documents\그림만들기\나노바나나_전체_수정대상_작업팩_v2\02_부분수정\Part3\P3-F31.png","C:\Users\javam\OneDrive\Documents\그림만들기\나노바나나_전체_수정대상_작업팩_v2\03_수정완료\Part3\P3-F31.png","02_부분수정/Part3/P3-F31.png","P3-F31.png","내부 전체 제목·그림 코드 금지","SameSite Lax/Strict/None 설명과 재인증 예시가 부정확하다.","Lax=`일부 최상위 안전 탐색에 전송`, Strict=`교차 사이트에서 미전송`, None=`교차 사이트 허용+Secure 필수`. 민감행위 대응은 CAPTCHA 대신 비밀번호/MFA 재인증·거래 확인."
"A","3","P3-F42","Same-Origin Policy와 CORS","부분 수정","1800","1004","1800","1004","True","True","C:\Users\javam\OneDrive\Documents\그림만들기\나노바나나_전체_수정대상_작업팩_v2\02_부분수정\Part3\P3-F42.png","C:\Users\javam\OneDrive\Documents\그림만들기\나노바나나_전체_수정대상_작업팩_v2\03_수정완료\Part3\P3-F42.png","02_부분수정/Part3/P3-F42.png","P3-F42.png","내부 전체 제목·그림 코드 금지","CORS 자격증명 헤더와 Origin 구성 설명을 정확히 고쳐야 한다.","상단 전체 제목 삭제. `Access-Control-Allow-Credentials: true`를 정확히 표기하고 Origin은 scheme+host+port 중 하나라도 다르면 다름을 명시."
"A","4","P4-F11","FAR·FRR·EER 관계 곡선","전면 재생성","1600","893","1600","893","True","True","C:\Users\javam\OneDrive\Documents\그림만들기\나노바나나_전체_수정대상_작업팩_v2\01_전면재생성\Part4\P4-F11.png","C:\Users\javam\OneDrive\Documents\그림만들기\나노바나나_전체_수정대상_작업팩_v2\03_수정완료\Part4\P4-F11.png","01_전면재생성/Part4/P4-F11.png","P4-F11.png","내부 전체 제목·그림 코드 금지","개념 구조·수치·화살표 또는 한글 손상이 있어 전면 재생성이 필요하다.","통합 가이드의 `P4-F11` 상세 지침과 허용 텍스트를 그대로 적용."
"A","4","P4-F13","영지식 증명의 Prover·Verifier 흐름","전면 재생성","1600","893","1600","893","True","True","C:\Users\javam\OneDrive\Documents\그림만들기\나노바나나_전체_수정대상_작업팩_v2\01_전면재생성\Part4\P4-F13.png","C:\Users\javam\OneDrive\Documents\그림만들기\나노바나나_전체_수정대상_작업팩_v2\03_수정완료\Part4\P4-F13.png","01_전면재생성/Part4/P4-F13.png","P4-F13.png","내부 전체 제목·그림 코드 금지","개념 구조·수치·화살표 또는 한글 손상이 있어 전면 재생성이 필요하다.","통합 가이드의 `P4-F13` 상세 지침과 허용 텍스트를 그대로 적용."
"A","4","P4-F24","Clark-Wilson 무결성 모델","전면 재생성","1600","893","1600","893","True","True","C:\Users\javam\OneDrive\Documents\그림만들기\나노바나나_전체_수정대상_작업팩_v2\01_전면재생성\Part4\P4-F24.png","C:\Users\javam\OneDrive\Documents\그림만들기\나노바나나_전체_수정대상_작업팩_v2\03_수정완료\Part4\P4-F24.png","01_전면재생성/Part4/P4-F24.png","P4-F24.png","내부 전체 제목·그림 코드 금지","개념 구조·수치·화살표 또는 한글 손상이 있어 전면 재생성이 필요하다.","통합 가이드의 `P4-F24` 상세 지침과 허용 텍스트를 그대로 적용."
"A","4","P4-F33","인증 없는 DH의 MITM","전면 재생성","1600","893","1600","893","True","True","C:\Users\javam\OneDrive\Documents\그림만들기\나노바나나_전체_수정대상_작업팩_v2\01_전면재생성\Part4\P4-F33.png","C:\Users\javam\OneDrive\Documents\그림만들기\나노바나나_전체_수정대상_작업팩_v2\03_수정완료\Part4\P4-F33.png","01_전면재생성/Part4/P4-F33.png","P4-F33.png","내부 전체 제목·그림 코드 금지","개념 구조·수치·화살표 또는 한글 손상이 있어 전면 재생성이 필요하다.","통합 가이드의 `P4-F33` 상세 지침과 허용 텍스트를 그대로 적용."
"A","4","P4-F53","Feistel과 SPN 구조 비교","전면 재생성","1600","893","1600","893","True","True","C:\Users\javam\OneDrive\Documents\그림만들기\나노바나나_전체_수정대상_작업팩_v2\01_전면재생성\Part4\P4-F53.png","C:\Users\javam\OneDrive\Documents\그림만들기\나노바나나_전체_수정대상_작업팩_v2\03_수정완료\Part4\P4-F53.png","01_전면재생성/Part4/P4-F53.png","P4-F53.png","내부 전체 제목·그림 코드 금지","개념 구조·수치·화살표 또는 한글 손상이 있어 전면 재생성이 필요하다.","통합 가이드의 `P4-F53` 상세 지침과 허용 텍스트를 그대로 적용."
"A","4","P4-F54","블록암호와 스트림암호 비교","전면 재생성","1600","893","1600","893","True","True","C:\Users\javam\OneDrive\Documents\그림만들기\나노바나나_전체_수정대상_작업팩_v2\01_전면재생성\Part4\P4-F54.png","C:\Users\javam\OneDrive\Documents\그림만들기\나노바나나_전체_수정대상_작업팩_v2\03_수정완료\Part4\P4-F54.png","01_전면재생성/Part4/P4-F54.png","P4-F54.png","내부 전체 제목·그림 코드 금지","개념 구조·수치·화살표 또는 한글 손상이 있어 전면 재생성이 필요하다.","통합 가이드의 `P4-F54` 상세 지침과 허용 텍스트를 그대로 적용."
"A","4","P4-F58","대표 대칭키 알고리즘 비교","전면 재생성","1600","893","1600","893","True","True","C:\Users\javam\OneDrive\Documents\그림만들기\나노바나나_전체_수정대상_작업팩_v2\01_전면재생성\Part4\P4-F58.png","C:\Users\javam\OneDrive\Documents\그림만들기\나노바나나_전체_수정대상_작업팩_v2\03_수정완료\Part4\P4-F58.png","01_전면재생성/Part4/P4-F58.png","P4-F58.png","내부 전체 제목·그림 코드 금지","개념 구조·수치·화살표 또는 한글 손상이 있어 전면 재생성이 필요하다.","통합 가이드의 `P4-F58` 상세 지침과 허용 텍스트를 그대로 적용."
"A","4","P4-F64","암호분석 공격 지도","전면 재생성","1600","893","1600","893","True","True","C:\Users\javam\OneDrive\Documents\그림만들기\나노바나나_전체_수정대상_작업팩_v2\01_전면재생성\Part4\P4-F64.png","C:\Users\javam\OneDrive\Documents\그림만들기\나노바나나_전체_수정대상_작업팩_v2\03_수정완료\Part4\P4-F64.png","01_전면재생성/Part4/P4-F64.png","P4-F64.png","내부 전체 제목·그림 코드 금지","개념 구조·수치·화살표 또는 한글 손상이 있어 전면 재생성이 필요하다.","통합 가이드의 `P4-F64` 상세 지침과 허용 텍스트를 그대로 적용."
"A","4","P4-F65","공개키 암호의 난제 지도","전면 재생성","1600","893","1600","893","True","True","C:\Users\javam\OneDrive\Documents\그림만들기\나노바나나_전체_수정대상_작업팩_v2\01_전면재생성\Part4\P4-F65.png","C:\Users\javam\OneDrive\Documents\그림만들기\나노바나나_전체_수정대상_작업팩_v2\03_수정완료\Part4\P4-F65.png","01_전면재생성/Part4/P4-F65.png","P4-F65.png","내부 전체 제목·그림 코드 금지","개념 구조·수치·화살표 또는 한글 손상이 있어 전면 재생성이 필요하다.","통합 가이드의 `P4-F65` 상세 지침과 허용 텍스트를 그대로 적용."
"A","4","P4-F73","비밀번호 Salt·Pepper·KDF 저장 구조","전면 재생성","1600","893","1600","893","True","True","C:\Users\javam\OneDrive\Documents\그림만들기\나노바나나_전체_수정대상_작업팩_v2\01_전면재생성\Part4\P4-F73.png","C:\Users\javam\OneDrive\Documents\그림만들기\나노바나나_전체_수정대상_작업팩_v2\03_수정완료\Part4\P4-F73.png","01_전면재생성/Part4/P4-F73.png","P4-F73.png","내부 전체 제목·그림 코드 금지","개념 구조·수치·화살표 또는 한글 손상이 있어 전면 재생성이 필요하다.","통합 가이드의 `P4-F73` 상세 지침과 허용 텍스트를 그대로 적용."
"A","4","P4-F74","KDF와 키 분리","전면 재생성","1600","893","1600","893","True","True","C:\Users\javam\OneDrive\Documents\그림만들기\나노바나나_전체_수정대상_작업팩_v2\01_전면재생성\Part4\P4-F74.png","C:\Users\javam\OneDrive\Documents\그림만들기\나노바나나_전체_수정대상_작업팩_v2\03_수정완료\Part4\P4-F74.png","01_전면재생성/Part4/P4-F74.png","P4-F74.png","내부 전체 제목·그림 코드 금지","개념 구조·수치·화살표 또는 한글 손상이 있어 전면 재생성이 필요하다.","통합 가이드의 `P4-F74` 상세 지침과 허용 텍스트를 그대로 적용."
"A","4","P4-F66","RSA 키 생성과 작은 수 계산","부분 수정","1600","893","1600","893","True","True","C:\Users\javam\OneDrive\Documents\그림만들기\나노바나나_전체_수정대상_작업팩_v2\02_부분수정\Part4\P4-F66.png","C:\Users\javam\OneDrive\Documents\그림만들기\나노바나나_전체_수정대상_작업팩_v2\03_수정완료\Part4\P4-F66.png","02_부분수정/Part4/P4-F66.png","P4-F66.png","내부 전체 제목·그림 코드 금지","그림 내부 코드·중복 제목·지시문 또는 국소 오탈자가 남아 있다.","상단 코드·전체 제목 삭제. 주석을 `실제 RSA는 n을 충분히 크게 사용한다. 예: n 2048비트 이상, p와 q는 보통 그 절반 정도 비트 길이`로 교체. 작은 수 계산 자체는 유지."
"A","5","P5-F05","정보보호 조직과 RACI","전면 재생성","1600","893","1600","893","True","True","C:\Users\javam\OneDrive\Documents\그림만들기\나노바나나_전체_수정대상_작업팩_v2\01_전면재생성\Part5\P5-F05.png","C:\Users\javam\OneDrive\Documents\그림만들기\나노바나나_전체_수정대상_작업팩_v2\03_수정완료\Part5\P5-F05.png","01_전면재생성/Part5/P5-F05.png","P5-F05.png","내부 전체 제목·그림 코드 금지","개념 구조·수치·화살표 또는 한글 손상이 있어 전면 재생성이 필요하다.","통합 가이드의 `P5-F05` 상세 지침과 허용 텍스트를 그대로 적용."
"A","5","P5-F26","물리보안 구역과 출입통제","전면 재생성","1600","893","1600","893","True","True","C:\Users\javam\OneDrive\Documents\그림만들기\나노바나나_전체_수정대상_작업팩_v2\01_전면재생성\Part5\P5-F26.png","C:\Users\javam\OneDrive\Documents\그림만들기\나노바나나_전체_수정대상_작업팩_v2\03_수정완료\Part5\P5-F26.png","01_전면재생성/Part5/P5-F26.png","P5-F26.png","내부 전체 제목·그림 코드 금지","개념 구조·수치·화살표 또는 한글 손상이 있어 전면 재생성이 필요하다.","통합 가이드의 `P5-F26` 상세 지침과 허용 텍스트를 그대로 적용."
"A","5","P5-F41","휘발성 증거 수집 우선순위","전면 재생성","1600","893","1600","893","True","True","C:\Users\javam\OneDrive\Documents\그림만들기\나노바나나_전체_수정대상_작업팩_v2\01_전면재생성\Part5\P5-F41.png","C:\Users\javam\OneDrive\Documents\그림만들기\나노바나나_전체_수정대상_작업팩_v2\03_수정완료\Part5\P5-F41.png","01_전면재생성/Part5/P5-F41.png","P5-F41.png","내부 전체 제목·그림 코드 금지","개념 구조·수치·화살표 또는 한글 손상이 있어 전면 재생성이 필요하다.","통합 가이드의 `P5-F41` 상세 지침과 허용 텍스트를 그대로 적용."
"A","5","P5-F42","디지털 증거 처리 생명주기","전면 재생성","1600","893","1600","893","True","True","C:\Users\javam\OneDrive\Documents\그림만들기\나노바나나_전체_수정대상_작업팩_v2\01_전면재생성\Part5\P5-F42.png","C:\Users\javam\OneDrive\Documents\그림만들기\나노바나나_전체_수정대상_작업팩_v2\03_수정완료\Part5\P5-F42.png","01_전면재생성/Part5/P5-F42.png","P5-F42.png","내부 전체 제목·그림 코드 금지","개념 구조·수치·화살표 또는 한글 손상이 있어 전면 재생성이 필요하다.","통합 가이드의 `P5-F42` 상세 지침과 허용 텍스트를 그대로 적용."
"A","5","P5-F46","ISMS-P 인증기준 16·64·21","전면 재생성","1600","893","1600","893","True","True","C:\Users\javam\OneDrive\Documents\그림만들기\나노바나나_전체_수정대상_작업팩_v2\01_전면재생성\Part5\P5-F46.png","C:\Users\javam\OneDrive\Documents\그림만들기\나노바나나_전체_수정대상_작업팩_v2\03_수정완료\Part5\P5-F46.png","01_전면재생성/Part5/P5-F46.png","P5-F46.png","내부 전체 제목·그림 코드 금지","개념 구조·수치·화살표 또는 한글 손상이 있어 전면 재생성이 필요하다.","통합 가이드의 `P5-F46` 상세 지침과 허용 텍스트를 그대로 적용."
"A","5","P5-F49","공통평가기준 CC 전체 구조","전면 재생성","1600","893","1600","893","True","True","C:\Users\javam\OneDrive\Documents\그림만들기\나노바나나_전체_수정대상_작업팩_v2\01_전면재생성\Part5\P5-F49.png","C:\Users\javam\OneDrive\Documents\그림만들기\나노바나나_전체_수정대상_작업팩_v2\03_수정완료\Part5\P5-F49.png","01_전면재생성/Part5/P5-F49.png","P5-F49.png","내부 전체 제목·그림 코드 금지","개념 구조·수치·화살표 또는 한글 손상이 있어 전면 재생성이 필요하다.","통합 가이드의 `P5-F49` 상세 지침과 허용 텍스트를 그대로 적용."
"A","5","P5-F53","정보보호 제품인증 의사결정","전면 재생성","1600","893","1600","893","True","True","C:\Users\javam\OneDrive\Documents\그림만들기\나노바나나_전체_수정대상_작업팩_v2\01_전면재생성\Part5\P5-F53.png","C:\Users\javam\OneDrive\Documents\그림만들기\나노바나나_전체_수정대상_작업팩_v2\03_수정완료\Part5\P5-F53.png","01_전면재생성/Part5/P5-F53.png","P5-F53.png","내부 전체 제목·그림 코드 금지","개념 구조·수치·화살표 또는 한글 손상이 있어 전면 재생성이 필요하다.","통합 가이드의 `P5-F53` 상세 지침과 허용 텍스트를 그대로 적용."
"A","5","P5-F54","사이버 윤리 전체 지도","전면 재생성","1600","893","1600","893","True","True","C:\Users\javam\OneDrive\Documents\그림만들기\나노바나나_전체_수정대상_작업팩_v2\01_전면재생성\Part5\P5-F54.png","C:\Users\javam\OneDrive\Documents\그림만들기\나노바나나_전체_수정대상_작업팩_v2\03_수정완료\Part5\P5-F54.png","01_전면재생성/Part5/P5-F54.png","P5-F54.png","내부 전체 제목·그림 코드 금지","개념 구조·수치·화살표 또는 한글 손상이 있어 전면 재생성이 필요하다.","통합 가이드의 `P5-F54` 상세 지침과 허용 텍스트를 그대로 적용."
"A","5","P5-F55","디지털 시민의 책임","전면 재생성","1600","893","1600","893","True","True","C:\Users\javam\OneDrive\Documents\그림만들기\나노바나나_전체_수정대상_작업팩_v2\01_전면재생성\Part5\P5-F55.png","C:\Users\javam\OneDrive\Documents\그림만들기\나노바나나_전체_수정대상_작업팩_v2\03_수정완료\Part5\P5-F55.png","01_전면재생성/Part5/P5-F55.png","P5-F55.png","내부 전체 제목·그림 코드 금지","개념 구조·수치·화살표 또는 한글 손상이 있어 전면 재생성이 필요하다.","통합 가이드의 `P5-F55` 상세 지침과 허용 텍스트를 그대로 적용."
"A","5","P5-F64","국내 정보보호 법제 지도","전면 재생성","1600","893","1600","893","True","True","C:\Users\javam\OneDrive\Documents\그림만들기\나노바나나_전체_수정대상_작업팩_v2\01_전면재생성\Part5\P5-F64.png","C:\Users\javam\OneDrive\Documents\그림만들기\나노바나나_전체_수정대상_작업팩_v2\03_수정완료\Part5\P5-F64.png","01_전면재생성/Part5/P5-F64.png","P5-F64.png","내부 전체 제목·그림 코드 금지","개념 구조·수치·화살표 또는 한글 손상이 있어 전면 재생성이 필요하다.","통합 가이드의 `P5-F64` 상세 지침과 허용 텍스트를 그대로 적용."
"A","5","P5-F68","주요정보통신기반시설 보호체계","전면 재생성","1600","893","1600","893","True","True","C:\Users\javam\OneDrive\Documents\그림만들기\나노바나나_전체_수정대상_작업팩_v2\01_전면재생성\Part5\P5-F68.png","C:\Users\javam\OneDrive\Documents\그림만들기\나노바나나_전체_수정대상_작업팩_v2\03_수정완료\Part5\P5-F68.png","01_전면재생성/Part5/P5-F68.png","P5-F68.png","내부 전체 제목·그림 코드 금지","개념 구조·수치·화살표 또는 한글 손상이 있어 전면 재생성이 필요하다.","통합 가이드의 `P5-F68` 상세 지침과 허용 텍스트를 그대로 적용."
"A","5","P5-F73","전자서명법 현재와 역사","전면 재생성","1600","893","1600","893","True","True","C:\Users\javam\OneDrive\Documents\그림만들기\나노바나나_전체_수정대상_작업팩_v2\01_전면재생성\Part5\P5-F73.png","C:\Users\javam\OneDrive\Documents\그림만들기\나노바나나_전체_수정대상_작업팩_v2\03_수정완료\Part5\P5-F73.png","01_전면재생성/Part5/P5-F73.png","P5-F73.png","내부 전체 제목·그림 코드 금지","개념 구조·수치·화살표 또는 한글 손상이 있어 전면 재생성이 필요하다.","통합 가이드의 `P5-F73` 상세 지침과 허용 텍스트를 그대로 적용."
"A","5","P5-F74","개인정보 보호법 전체 지도","전면 재생성","1600","893","1600","893","True","True","C:\Users\javam\OneDrive\Documents\그림만들기\나노바나나_전체_수정대상_작업팩_v2\01_전면재생성\Part5\P5-F74.png","C:\Users\javam\OneDrive\Documents\그림만들기\나노바나나_전체_수정대상_작업팩_v2\03_수정완료\Part5\P5-F74.png","01_전면재생성/Part5/P5-F74.png","P5-F74.png","내부 전체 제목·그림 코드 금지","개념 구조·수치·화살표 또는 한글 손상이 있어 전면 재생성이 필요하다.","통합 가이드의 `P5-F74` 상세 지침과 허용 텍스트를 그대로 적용."
"A","5","P5-F77","개인정보 처리 생명주기와 적법 근거","전면 재생성","1600","893","1600","893","True","True","C:\Users\javam\OneDrive\Documents\그림만들기\나노바나나_전체_수정대상_작업팩_v2\01_전면재생성\Part5\P5-F77.png","C:\Users\javam\OneDrive\Documents\그림만들기\나노바나나_전체_수정대상_작업팩_v2\03_수정완료\Part5\P5-F77.png","01_전면재생성/Part5/P5-F77.png","P5-F77.png","내부 전체 제목·그림 코드 금지","개념 구조·수치·화살표 또는 한글 손상이 있어 전면 재생성이 필요하다.","통합 가이드의 `P5-F77` 상세 지침과 허용 텍스트를 그대로 적용."
"A","5","P5-F83","개인정보 처리방침","전면 재생성","1600","893","1600","893","True","True","C:\Users\javam\OneDrive\Documents\그림만들기\나노바나나_전체_수정대상_작업팩_v2\01_전면재생성\Part5\P5-F83.png","C:\Users\javam\OneDrive\Documents\그림만들기\나노바나나_전체_수정대상_작업팩_v2\03_수정완료\Part5\P5-F83.png","01_전면재생성/Part5/P5-F83.png","P5-F83.png","내부 전체 제목·그림 코드 금지","개념 구조·수치·화살표 또는 한글 손상이 있어 전면 재생성이 필요하다.","통합 가이드의 `P5-F83` 상세 지침과 허용 텍스트를 그대로 적용."
"B","1","P1-F24","UNIX/Linux 권한과 8진수 계산","부분 수정","2048","1136","2048","1136","True","True","C:\Users\javam\OneDrive\Documents\그림만들기\나노바나나_전체_수정대상_작업팩_v2\02_부분수정\Part1\P1-F24.png","C:\Users\javam\OneDrive\Documents\그림만들기\나노바나나_전체_수정대상_작업팩_v2\03_수정완료\Part1\P1-F24.png","02_부분수정/Part1/P1-F24.png","P1-F24.png","내부 전체 제목 1개 유지, 그림 코드 금지","상단 권한 합산 주석이 혼동을 일으킨다. 본체 계산값은 맞으므로 해당 주석만 교체한다.","상단 주석을 `rwx=4+2+1=7`, `r-x=4+0+1=5`, `---=0+0+0=0`으로 교체. 나머지 구조와 내부 전체 제목은 유지."
"B","1","P1-F30","이벤트 상관분석 타임라인","부분 수정","2048","1210","2048","1210","True","True","C:\Users\javam\OneDrive\Documents\그림만들기\나노바나나_전체_수정대상_작업팩_v2\02_부분수정\Part1\P1-F30.png","C:\Users\javam\OneDrive\Documents\그림만들기\나노바나나_전체_수정대상_작업팩_v2\03_수정완료\Part1\P1-F30.png","02_부분수정/Part1/P1-F30.png","P1-F30.png","내부 전체 제목 1개 유지, 그림 코드 금지","첫 번째 로그인 실패 상자와 타임라인 선·노드가 겹친다.","첫 상자만 위로 이동하거나 높이를 줄여 선·노드와 겹치지 않게 조정. 다른 픽셀과 내부 제목 유지."
"B","2","P2-F14","서브넷팅·CIDR·VLSM","전면 재생성","1600","850","1600","850","True","True","C:\Users\javam\OneDrive\Documents\그림만들기\나노바나나_전체_수정대상_작업팩_v2\01_전면재생성\Part2\P2-F14.png","C:\Users\javam\OneDrive\Documents\그림만들기\나노바나나_전체_수정대상_작업팩_v2\03_수정완료\Part2\P2-F14.png","01_전면재생성/Part2/P2-F14.png","P2-F14.png","내부 전체 제목·그림 코드 금지","한 /24에서 /25·/26·/27이 동시에 분기하여 중첩 VLSM 배정처럼 보인다.","`192.168.10.0/24`를 `/25`, `/26`, `/27`, 남은 `/27`로 비중첩 순차 배정. 큰 요구부터, 경계 정렬, 중첩 금지 표시."
"B","2","P2-F18","IPv6 NDP와 전환 기술","전면 재생성","1600","850","1600","850","True","True","C:\Users\javam\OneDrive\Documents\그림만들기\나노바나나_전체_수정대상_작업팩_v2\01_전면재생성\Part2\P2-F18.png","C:\Users\javam\OneDrive\Documents\그림만들기\나노바나나_전체_수정대상_작업팩_v2\03_수정완료\Part2\P2-F18.png","01_전면재생성/Part2/P2-F18.png","P2-F18.png","내부 전체 제목·그림 코드 금지","RS/RA와 NS/NA의 통신 상대가 시각적으로 섞여 NDP 기능이 모호하다.","호스트↔라우터 `RS/RA`, 호스트↔이웃 `NS/NA`, `DAD`를 분리. 하단은 Dual Stack/Tunneling/Translation을 별도 패널로 유지."
"B","2","P2-F21","ICMP·IGMP와 전송 범위","부분 수정","1600","850","1600","850","True","True","C:\Users\javam\OneDrive\Documents\그림만들기\나노바나나_전체_수정대상_작업팩_v2\02_부분수정\Part2\P2-F21.png","C:\Users\javam\OneDrive\Documents\그림만들기\나노바나나_전체_수정대상_작업팩_v2\03_수정완료\Part2\P2-F21.png","02_부분수정/Part2/P2-F21.png","P2-F21.png","내부 전체 제목·그림 코드 금지","ping·traceroute 설명이 IGMP 영역에 들어가 있고 Anycast를 지리적으로 가장 가까운 노드처럼 단정한다.","ping·traceroute 설명을 ICMP 영역으로 이동. Anycast는 `동일 주소를 광고한 노드 중 라우팅상 가까운/최적 1곳`으로 교체."
"B","2","P2-F33","무선 공격과 대응 지도","부분 수정","1600","850","1600","850","True","True","C:\Users\javam\OneDrive\Documents\그림만들기\나노바나나_전체_수정대상_작업팩_v2\02_부분수정\Part2\P2-F33.png","C:\Users\javam\OneDrive\Documents\그림만들기\나노바나나_전체_수정대상_작업팩_v2\03_수정완료\Part2\P2-F33.png","02_부분수정/Part2/P2-F33.png","P2-F33.png","내부 전체 제목·그림 코드 금지","KRACK·PMF·Rogue AP·Evil Twin 방어의 대응 관계가 섞여 있다.","PMF는 deauth/disassoc 완화, WIDS/WIPS·AP inventory는 Rogue/Evil Twin, 패치·안전한 구현은 KRACK, 링크 암호화는 스니핑 완화로 정확히 연결."
"B","2","P2-F64","AH·ESP와 Transport·Tunnel 모드","부분 수정","1600","850","1600","850","True","True","C:\Users\javam\OneDrive\Documents\그림만들기\나노바나나_전체_수정대상_작업팩_v2\02_부분수정\Part2\P2-F64.png","C:\Users\javam\OneDrive\Documents\그림만들기\나노바나나_전체_수정대상_작업팩_v2\03_수정완료\Part2\P2-F64.png","02_부분수정/Part2/P2-F64.png","P2-F64.png","내부 전체 제목·그림 코드 금지","AH가 IP 헤더 전체를 보호하는 것처럼 읽히고 Transport/Tunnel 사용 범위를 절대적으로 표현한다.","AH는 변하지 않는 IP 헤더 필드와 Payload를 인증하며 전송 중 변경되는 필드는 제외한다고 명시. Transport/Tunnel은 대표 사용 예로 표현."
"B","3","P3-F28","입력·출력·상태 경계 공격 지도","부분 수정","1800","1004","1800","1004","True","True","C:\Users\javam\OneDrive\Documents\그림만들기\나노바나나_전체_수정대상_작업팩_v2\02_부분수정\Part3\P3-F28.png","C:\Users\javam\OneDrive\Documents\그림만들기\나노바나나_전체_수정대상_작업팩_v2\03_수정완료\Part3\P3-F28.png","02_부분수정/Part3/P3-F28.png","P3-F28.png","내부 전체 제목·그림 코드 금지","깨진 제목과 “특수문자 이스케이프”의 과도한 일반화가 남아 있다.","상단 깨진 제목 삭제. 해석기별 대응을 유지하고 모든 공격에 공통인 것처럼 보이는 `특수문자 이스케이프` 문구를 `문맥별 안전 API·파라미터화·출력 인코딩`으로 교체."
"B","3","P3-F55","DB 감사·백업·복구","부분 수정","1800","1004","1800","1004","True","True","C:\Users\javam\OneDrive\Documents\그림만들기\나노바나나_전체_수정대상_작업팩_v2\02_부분수정\Part3\P3-F55.png","C:\Users\javam\OneDrive\Documents\그림만들기\나노바나나_전체_수정대상_작업팩_v2\03_수정완료\Part3\P3-F55.png","02_부분수정/Part3/P3-F55.png","P3-F55.png","내부 전체 제목·그림 코드 금지","상단 잘못된 교재 제목과 “시험 주성 포인” 오탈자가 남아 있다.","상단 `정보보안 인증 교제`를 삭제하고 `시험 주성 포인`을 `시험 핵심 포인트`로 교체. 나머지 유지."
"B","3","P3-F68","입력검증·출력인코딩·인증·세션 보안","부분 수정","1800","1004","1800","1004","True","True","C:\Users\javam\OneDrive\Documents\그림만들기\나노바나나_전체_수정대상_작업팩_v2\02_부분수정\Part3\P3-F68.png","C:\Users\javam\OneDrive\Documents\그림만들기\나노바나나_전체_수정대상_작업팩_v2\03_수정완료\Part3\P3-F68.png","02_부분수정/Part3/P3-F68.png","P3-F68.png","내부 전체 제목·그림 코드 금지","깨진 제목과 일부 라벨을 정리하면 구조를 유지할 수 있다.","상단 깨진 전체 제목을 삭제하고 일부 깨진 라벨만 본문 용어에 맞게 교체. 입력검증·출력인코딩·인증·인가·세션의 구분은 유지."
"B","4","P4-F75","서명·디지털봉투 결합 보안메시지","부분 수정","1600","893","1600","893","True","True","C:\Users\javam\OneDrive\Documents\그림만들기\나노바나나_전체_수정대상_작업팩_v2\02_부분수정\Part4\P4-F75.png","C:\Users\javam\OneDrive\Documents\그림만들기\나노바나나_전체_수정대상_작업팩_v2\03_수정완료\Part4\P4-F75.png","02_부분수정/Part4/P4-F75.png","P4-F75.png","내부 전체 제목·그림 코드 금지","그림 내부 코드·중복 제목·지시문 또는 국소 오탈자가 남아 있다.","상단 코드·전체 제목 삭제. `시컴 포인트`를 `시험 포인트`로 교체."
"B","5","P5-F40","연계보관성 Chain of Custody","부분 수정","1600","893","1600","893","True","True","C:\Users\javam\OneDrive\Documents\그림만들기\나노바나나_전체_수정대상_작업팩_v2\02_부분수정\Part5\P5-F40.png","C:\Users\javam\OneDrive\Documents\그림만들기\나노바나나_전체_수정대상_작업팩_v2\03_수정완료\Part5\P5-F40.png","02_부분수정/Part5/P5-F40.png","P5-F40.png","내부 전체 제목·그림 코드 금지","그림 내부 코드·중복 제목·지시문 또는 국소 오탈자가 남아 있다.","상단 코드·전체 제목과 `Only for descriptive purposes...` 지시문을 완전히 삭제. 나머지 연계보관 흐름은 유지."
"C","1","P1-F42","파일·명령 실행 취약점 비교","부분 수정","2048","1136","2048","1136","True","True","C:\Users\javam\OneDrive\Documents\그림만들기\나노바나나_전체_수정대상_작업팩_v2\02_부분수정\Part1\P1-F42.png","C:\Users\javam\OneDrive\Documents\그림만들기\나노바나나_전체_수정대상_작업팩_v2\03_수정완료\Part1\P1-F42.png","02_부분수정/Part1/P1-F42.png","P1-F42.png","내부 전체 제목 1개 유지, 그림 코드 금지","기술적으로는 대체로 맞지만 영문 소형문자가 많아 한국어 교재의 본문 크기에서 가독성이 낮다.","구조는 유지하고 작은 영문 핵심 라벨을 `경로 조작`, `파일 포함(LFI/RFI)`, `파일 업로드`, `명령어 삽입`, `허용목록`, `기준 경로`, `비실행 저장`, `셸 호출 회피` 등으로 한국어화. 우선순위 C."
"C","2","P2-F05","Ethernet 프레임과 MAC 주소","부분 수정","2816","1536","2816","1536","True","True","C:\Users\javam\OneDrive\Documents\그림만들기\나노바나나_전체_수정대상_작업팩_v2\02_부분수정\Part2\P2-F05.png","C:\Users\javam\OneDrive\Documents\그림만들기\나노바나나_전체_수정대상_작업팩_v2\03_수정완료\Part2\P2-F05.png","02_부분수정/Part2/P2-F05.png","P2-F05.png","내부 전체 제목·그림 코드 금지","외부 캡션과 중복되는 그림 내부 전체 제목이 남아 있다.","상단 내부 전체 제목·코드만 삭제. 프레임 필드와 MAC 설명은 그대로 유지."
"C","3","P3-F01","애플리케이션보안 출제범위 전체 지도","부분 수정","1800","1004","1800","1004","True","True","C:\Users\javam\OneDrive\Documents\그림만들기\나노바나나_전체_수정대상_작업팩_v2\02_부분수정\Part3\P3-F01.png","C:\Users\javam\OneDrive\Documents\그림만들기\나노바나나_전체_수정대상_작업팩_v2\03_수정완료\Part3\P3-F01.png","02_부분수정/Part3/P3-F01.png","P3-F01.png","내부 전체 제목·그림 코드 금지","외부 캡션과 중복되는 전체 제목·코드를 제거해야 한다.","상단 전체 제목·코드만 삭제. 패널 본체 유지."
"C","3","P3-F02","애플리케이션 신뢰경계와 데이터 흐름","부분 수정","1800","1004","1800","1004","True","True","C:\Users\javam\OneDrive\Documents\그림만들기\나노바나나_전체_수정대상_작업팩_v2\02_부분수정\Part3\P3-F02.png","C:\Users\javam\OneDrive\Documents\그림만들기\나노바나나_전체_수정대상_작업팩_v2\03_수정완료\Part3\P3-F02.png","02_부분수정/Part3/P3-F02.png","P3-F02.png","내부 전체 제목·그림 코드 금지","외부 캡션과 중복되는 전체 제목·코드를 제거해야 한다.","상단 전체 제목·코드만 삭제. 패널 본체 유지."
"C","3","P3-F03","FTP 제어 채널과 데이터 채널","부분 수정","1800","1004","1800","1004","True","True","C:\Users\javam\OneDrive\Documents\그림만들기\나노바나나_전체_수정대상_작업팩_v2\02_부분수정\Part3\P3-F03.png","C:\Users\javam\OneDrive\Documents\그림만들기\나노바나나_전체_수정대상_작업팩_v2\03_수정완료\Part3\P3-F03.png","02_부분수정/Part3/P3-F03.png","P3-F03.png","내부 전체 제목·그림 코드 금지","상단 제목이 깨졌고 “디렉터리 목록 목록” 중복 문구가 있다.","상단 깨진 제목·코드를 삭제하고 `디렉터리 목록 목록`을 `디렉터리 목록`으로 교체."
"C","3","P3-F17","메일 위협과 다층 방어","부분 수정","1800","1004","1800","1004","True","True","C:\Users\javam\OneDrive\Documents\그림만들기\나노바나나_전체_수정대상_작업팩_v2\02_부분수정\Part3\P3-F17.png","C:\Users\javam\OneDrive\Documents\그림만들기\나노바나나_전체_수정대상_작업팩_v2\03_수정완료\Part3\P3-F17.png","02_부분수정/Part3/P3-F17.png","P3-F17.png","내부 전체 제목·그림 코드 금지","외부 캡션과 중복되는 전체 제목·코드를 제거해야 한다.","상단 전체 제목·코드만 삭제. 본체 유지."
"C","3","P3-F21","쿠키 기반 세션 흐름","부분 수정","1800","1004","1800","1004","True","True","C:\Users\javam\OneDrive\Documents\그림만들기\나노바나나_전체_수정대상_작업팩_v2\02_부분수정\Part3\P3-F21.png","C:\Users\javam\OneDrive\Documents\그림만들기\나노바나나_전체_수정대상_작업팩_v2\03_수정완료\Part3\P3-F21.png","02_부분수정/Part3/P3-F21.png","P3-F21.png","내부 전체 제목·그림 코드 금지","외부 캡션과 중복되는 전체 제목·코드를 제거해야 한다.","상단 전체 제목·코드만 삭제. 본체 유지."
"C","3","P3-F26","웹서버·WAS 하드닝","부분 수정","1800","1004","1800","1004","True","True","C:\Users\javam\OneDrive\Documents\그림만들기\나노바나나_전체_수정대상_작업팩_v2\02_부분수정\Part3\P3-F26.png","C:\Users\javam\OneDrive\Documents\그림만들기\나노바나나_전체_수정대상_작업팩_v2\03_수정완료\Part3\P3-F26.png","02_부분수정/Part3/P3-F26.png","P3-F26.png","내부 전체 제목·그림 코드 금지","동일 의미의 빨간 경고문이 중복되고 전체 제목이 외부 캡션과 중복된다.","상단 전체 제목·코드와 중복 빨간 경고문 1개를 삭제. 하드닝 본체는 유지."
"C","3","P3-F32","세션 고정·하이재킹·재생 공격","부분 수정","1800","1004","1800","1004","True","True","C:\Users\javam\OneDrive\Documents\그림만들기\나노바나나_전체_수정대상_작업팩_v2\02_부분수정\Part3\P3-F32.png","C:\Users\javam\OneDrive\Documents\그림만들기\나노바나나_전체_수정대상_작업팩_v2\03_수정완료\Part3\P3-F32.png","02_부분수정/Part3/P3-F32.png","P3-F32.png","내부 전체 제목·그림 코드 금지","깨진 전체 제목만 제거하면 본체를 유지할 수 있다.","상단 깨진 전체 제목만 삭제. 본체 유지."
"C","3","P3-F34","안전한 파일 업로드 파이프라인","부분 수정","1800","1004","1800","1004","True","True","C:\Users\javam\OneDrive\Documents\그림만들기\나노바나나_전체_수정대상_작업팩_v2\02_부분수정\Part3\P3-F34.png","C:\Users\javam\OneDrive\Documents\그림만들기\나노바나나_전체_수정대상_작업팩_v2\03_수정완료\Part3\P3-F34.png","02_부분수정/Part3/P3-F34.png","P3-F34.png","내부 전체 제목·그림 코드 금지","외부 캡션과 중복되는 전체 제목·코드를 제거해야 한다.","상단 전체 제목·코드만 삭제. 본체 유지."
"C","3","P3-F37","SSRF 공격과 Egress 통제","부분 수정","1800","1004","1800","1004","True","True","C:\Users\javam\OneDrive\Documents\그림만들기\나노바나나_전체_수정대상_작업팩_v2\02_부분수정\Part3\P3-F37.png","C:\Users\javam\OneDrive\Documents\그림만들기\나노바나나_전체_수정대상_작업팩_v2\03_수정완료\Part3\P3-F37.png","02_부분수정/Part3/P3-F37.png","P3-F37.png","내부 전체 제목·그림 코드 금지","상단 영문 제목이 외부 캡션과 중복된다.","상단 `SSRF or Egress filtering` 전체 제목만 삭제. 본체 유지."
"C","3","P3-F39","안전하지 않은 역직렬화","부분 수정","1800","1004","1800","1004","True","True","C:\Users\javam\OneDrive\Documents\그림만들기\나노바나나_전체_수정대상_작업팩_v2\02_부분수정\Part3\P3-F39.png","C:\Users\javam\OneDrive\Documents\그림만들기\나노바나나_전체_수정대상_작업팩_v2\03_수정완료\Part3\P3-F39.png","02_부분수정/Part3/P3-F39.png","P3-F39.png","내부 전체 제목·그림 코드 금지","외부 캡션과 중복되는 전체 제목·코드를 제거해야 한다.","상단 전체 제목·코드만 삭제. 본체 유지."
"C","3","P3-F45","웹 방어 계층과 WAF의 위치","부분 수정","1800","1004","1800","1004","True","True","C:\Users\javam\OneDrive\Documents\그림만들기\나노바나나_전체_수정대상_작업팩_v2\02_부분수정\Part3\P3-F45.png","C:\Users\javam\OneDrive\Documents\그림만들기\나노바나나_전체_수정대상_작업팩_v2\03_수정완료\Part3\P3-F45.png","02_부분수정/Part3/P3-F45.png","P3-F45.png","내부 전체 제목·그림 코드 금지","외부 캡션과 중복되는 전체 제목·코드를 제거해야 한다.","상단 전체 제목·코드만 삭제. 본체 유지."
"C","3","P3-F46","DNS 이름해석과 캐시","부분 수정","1800","1004","1800","1004","True","True","C:\Users\javam\OneDrive\Documents\그림만들기\나노바나나_전체_수정대상_작업팩_v2\02_부분수정\Part3\P3-F46.png","C:\Users\javam\OneDrive\Documents\그림만들기\나노바나나_전체_수정대상_작업팩_v2\03_수정완료\Part3\P3-F46.png","02_부분수정/Part3/P3-F46.png","P3-F46.png","내부 전체 제목·그림 코드 금지","외부 캡션과 중복되는 전체 제목을 제거해야 한다.","상단 전체 제목만 삭제. 본체 유지."
"C","3","P3-F48","재귀 질의·반복 질의·영역전송","부분 수정","1800","1004","1800","1004","True","True","C:\Users\javam\OneDrive\Documents\그림만들기\나노바나나_전체_수정대상_작업팩_v2\02_부분수정\Part3\P3-F48.png","C:\Users\javam\OneDrive\Documents\그림만들기\나노바나나_전체_수정대상_작업팩_v2\03_수정완료\Part3\P3-F48.png","02_부분수정/Part3/P3-F48.png","P3-F48.png","내부 전체 제목·그림 코드 금지","외부 캡션과 중복되는 전체 제목·코드를 제거해야 한다.","상단 전체 제목·코드만 삭제. 본체 유지."
"C","3","P3-F65","OWASP Top 10:2025 지도","부분 수정","1800","1004","1800","1004","True","True","C:\Users\javam\OneDrive\Documents\그림만들기\나노바나나_전체_수정대상_작업팩_v2\02_부분수정\Part3\P3-F65.png","C:\Users\javam\OneDrive\Documents\그림만들기\나노바나나_전체_수정대상_작업팩_v2\03_수정완료\Part3\P3-F65.png","02_부분수정/Part3/P3-F65.png","P3-F65.png","내부 전체 제목·그림 코드 금지","OWASP 본체는 유지 가능하며 상단의 깨진 한국어 제목만 제거하면 된다.","상단 깨진 한국어 전체 제목만 삭제. A01~A10 본체는 유지."
"C","3","P3-F69","암호·비밀·오류·로그 안전 코딩","부분 수정","1800","1004","1800","1004","True","True","C:\Users\javam\OneDrive\Documents\그림만들기\나노바나나_전체_수정대상_작업팩_v2\02_부분수정\Part3\P3-F69.png","C:\Users\javam\OneDrive\Documents\그림만들기\나노바나나_전체_수정대상_작업팩_v2\03_수정완료\Part3\P3-F69.png","02_부분수정/Part3/P3-F69.png","P3-F69.png","내부 전체 제목·그림 코드 금지","외부 캡션과 중복되는 전체 제목·코드를 제거해야 한다.","상단 전체 제목·코드만 삭제. 본체 유지."
"C","3","P3-F70","SAST·DAST·IAST·SCA·Fuzzing 비교","부분 수정","1800","1004","1800","1004","True","True","C:\Users\javam\OneDrive\Documents\그림만들기\나노바나나_전체_수정대상_작업팩_v2\02_부분수정\Part3\P3-F70.png","C:\Users\javam\OneDrive\Documents\그림만들기\나노바나나_전체_수정대상_작업팩_v2\03_수정완료\Part3\P3-F70.png","02_부분수정/Part3/P3-F70.png","P3-F70.png","내부 전체 제목·그림 코드 금지","외부 캡션과 중복되는 전체 제목·코드를 제거해야 한다.","상단 전체 제목·코드만 삭제. 본체 유지."
"C","3","P3-F71","DevSecOps·공급망·SBOM","부분 수정","1800","1004","1800","1004","True","True","C:\Users\javam\OneDrive\Documents\그림만들기\나노바나나_전체_수정대상_작업팩_v2\02_부분수정\Part3\P3-F71.png","C:\Users\javam\OneDrive\Documents\그림만들기\나노바나나_전체_수정대상_작업팩_v2\03_수정완료\Part3\P3-F71.png","02_부분수정/Part3/P3-F71.png","P3-F71.png","내부 전체 제목·그림 코드 금지","외부 캡션과 중복되는 전체 제목·코드를 제거해야 한다.","상단 전체 제목·코드만 삭제. 본체 유지."
"C","4","P4-F01","정보보안 일반 출제범위 전체 지도","부분 수정","1600","893","1600","893","True","True","C:\Users\javam\OneDrive\Documents\그림만들기\나노바나나_전체_수정대상_작업팩_v2\02_부분수정\Part4\P4-F01.png","C:\Users\javam\OneDrive\Documents\그림만들기\나노바나나_전체_수정대상_작업팩_v2\03_수정완료\Part4\P4-F01.png","02_부분수정/Part4/P4-F01.png","P4-F01.png","내부 전체 제목·그림 코드 금지","그림 내부 코드·중복 제목·지시문 또는 국소 오탈자가 남아 있다.","상단의 코드와 전체 제목만 삭제. 본체 구조 유지."
"C","4","P4-F03","식별·인증·인가·감사 흐름","부분 수정","1600","893","1600","893","True","True","C:\Users\javam\OneDrive\Documents\그림만들기\나노바나나_전체_수정대상_작업팩_v2\02_부분수정\Part4\P4-F03.png","C:\Users\javam\OneDrive\Documents\그림만들기\나노바나나_전체_수정대상_작업팩_v2\03_수정완료\Part4\P4-F03.png","02_부분수정/Part4/P4-F03.png","P4-F03.png","내부 전체 제목·그림 코드 금지","그림 내부 코드·중복 제목·지시문 또는 국소 오탈자가 남아 있다.","상단 코드·영문 전체 제목 삭제."
"C","4","P4-F05","비밀번호 생명주기와 검증자 저장","부분 수정","1600","893","1600","893","True","True","C:\Users\javam\OneDrive\Documents\그림만들기\나노바나나_전체_수정대상_작업팩_v2\02_부분수정\Part4\P4-F05.png","C:\Users\javam\OneDrive\Documents\그림만들기\나노바나나_전체_수정대상_작업팩_v2\03_수정완료\Part4\P4-F05.png","02_부분수정/Part4/P4-F05.png","P4-F05.png","내부 전체 제목·그림 코드 금지","그림 내부 코드·중복 제목·지시문 또는 국소 오탈자가 남아 있다.","상단 전체 제목 배너 삭제."
"C","4","P4-F06","온라인·오프라인 비밀번호 공격 비교","부분 수정","1600","893","1600","893","True","True","C:\Users\javam\OneDrive\Documents\그림만들기\나노바나나_전체_수정대상_작업팩_v2\02_부분수정\Part4\P4-F06.png","C:\Users\javam\OneDrive\Documents\그림만들기\나노바나나_전체_수정대상_작업팩_v2\03_수정완료\Part4\P4-F06.png","02_부분수정/Part4/P4-F06.png","P4-F06.png","내부 전체 제목·그림 코드 금지","그림 내부 코드·중복 제목·지시문 또는 국소 오탈자가 남아 있다.","깨진 전체 제목 삭제. 패널 내부 `온라인 공격`, `오프라인 공격`은 유지."
"C","4","P4-F10","바이오인증 등록·검증 파이프라인","부분 수정","1600","893","1600","893","True","True","C:\Users\javam\OneDrive\Documents\그림만들기\나노바나나_전체_수정대상_작업팩_v2\02_부분수정\Part4\P4-F10.png","C:\Users\javam\OneDrive\Documents\그림만들기\나노바나나_전체_수정대상_작업팩_v2\03_수정완료\Part4\P4-F10.png","02_부분수정/Part4/P4-F10.png","P4-F10.png","내부 전체 제목·그림 코드 금지","그림 내부 코드·중복 제목·지시문 또는 국소 오탈자가 남아 있다.","상단 코드·전체 제목 삭제."
"C","4","P4-F19","DAC·MAC·RBAC·ABAC·CBAC 비교","부분 수정","1600","893","1600","893","True","True","C:\Users\javam\OneDrive\Documents\그림만들기\나노바나나_전체_수정대상_작업팩_v2\02_부분수정\Part4\P4-F19.png","C:\Users\javam\OneDrive\Documents\그림만들기\나노바나나_전체_수정대상_작업팩_v2\03_수정완료\Part4\P4-F19.png","02_부분수정/Part4/P4-F19.png","P4-F19.png","내부 전체 제목·그림 코드 금지","그림 내부 코드·중복 제목·지시문 또는 국소 오탈자가 남아 있다.","상단 코드·전체 제목 삭제."
"C","4","P4-F20","최소권한·Need-to-Know·직무분리","부분 수정","1600","893","1600","893","True","True","C:\Users\javam\OneDrive\Documents\그림만들기\나노바나나_전체_수정대상_작업팩_v2\02_부분수정\Part4\P4-F20.png","C:\Users\javam\OneDrive\Documents\그림만들기\나노바나나_전체_수정대상_작업팩_v2\03_수정완료\Part4\P4-F20.png","02_부분수정/Part4/P4-F20.png","P4-F20.png","내부 전체 제목·그림 코드 금지","그림 내부 코드·중복 제목·지시문 또는 국소 오탈자가 남아 있다.","상단 코드·전체 제목 삭제."
"C","4","P4-F22","Bell-LaPadula 기밀성 규칙","부분 수정","1600","893","1600","893","True","True","C:\Users\javam\OneDrive\Documents\그림만들기\나노바나나_전체_수정대상_작업팩_v2\02_부분수정\Part4\P4-F22.png","C:\Users\javam\OneDrive\Documents\그림만들기\나노바나나_전체_수정대상_작업팩_v2\03_수정완료\Part4\P4-F22.png","02_부분수정/Part4/P4-F22.png","P4-F22.png","내부 전체 제목·그림 코드 금지","그림 내부 코드·중복 제목·지시문 또는 국소 오탈자가 남아 있다.","상단 코드·전체 제목 삭제. BLP 규칙은 유지."
"C","4","P4-F23","Biba 무결성 규칙","부분 수정","1600","893","1600","893","True","True","C:\Users\javam\OneDrive\Documents\그림만들기\나노바나나_전체_수정대상_작업팩_v2\02_부분수정\Part4\P4-F23.png","C:\Users\javam\OneDrive\Documents\그림만들기\나노바나나_전체_수정대상_작업팩_v2\03_수정완료\Part4\P4-F23.png","02_부분수정/Part4/P4-F23.png","P4-F23.png","내부 전체 제목·그림 코드 금지","그림 내부 코드·중복 제목·지시문 또는 국소 오탈자가 남아 있다.","깨진 전체 제목 삭제. 내부 `No Read Down`, `No Write Up`은 유지."
"C","4","P4-F34","공개키 배포 방식 비교","부분 수정","1600","893","1600","893","True","True","C:\Users\javam\OneDrive\Documents\그림만들기\나노바나나_전체_수정대상_작업팩_v2\02_부분수정\Part4\P4-F34.png","C:\Users\javam\OneDrive\Documents\그림만들기\나노바나나_전체_수정대상_작업팩_v2\03_수정완료\Part4\P4-F34.png","02_부분수정/Part4/P4-F34.png","P4-F34.png","내부 전체 제목·그림 코드 금지","그림 내부 코드·중복 제목·지시문 또는 국소 오탈자가 남아 있다.","상단 코드·전체 제목 삭제."
"C","4","P4-F35","하이브리드 암호와 디지털 봉투","부분 수정","1600","893","1600","893","True","True","C:\Users\javam\OneDrive\Documents\그림만들기\나노바나나_전체_수정대상_작업팩_v2\02_부분수정\Part4\P4-F35.png","C:\Users\javam\OneDrive\Documents\그림만들기\나노바나나_전체_수정대상_작업팩_v2\03_수정완료\Part4\P4-F35.png","02_부분수정/Part4/P4-F35.png","P4-F35.png","내부 전체 제목·그림 코드 금지","그림 내부 코드·중복 제목·지시문 또는 국소 오탈자가 남아 있다.","상단 전체 제목 삭제."
"C","4","P4-F36","전자서명 생성·검증 흐름","부분 수정","1600","893","1600","893","True","True","C:\Users\javam\OneDrive\Documents\그림만들기\나노바나나_전체_수정대상_작업팩_v2\02_부분수정\Part4\P4-F36.png","C:\Users\javam\OneDrive\Documents\그림만들기\나노바나나_전체_수정대상_작업팩_v2\03_수정완료\Part4\P4-F36.png","02_부분수정/Part4/P4-F36.png","P4-F36.png","내부 전체 제목·그림 코드 금지","그림 내부 코드·중복 제목·지시문 또는 국소 오탈자가 남아 있다.","상단 코드·전체 제목 삭제."
"C","4","P4-F37","전자서명 보안요구와 한계","부분 수정","1600","893","1600","893","True","True","C:\Users\javam\OneDrive\Documents\그림만들기\나노바나나_전체_수정대상_작업팩_v2\02_부분수정\Part4\P4-F37.png","C:\Users\javam\OneDrive\Documents\그림만들기\나노바나나_전체_수정대상_작업팩_v2\03_수정완료\Part4\P4-F37.png","02_부분수정/Part4/P4-F37.png","P4-F37.png","내부 전체 제목·그림 코드 금지","그림 내부 코드·중복 제목·지시문 또는 국소 오탈자가 남아 있다.","상단 코드·전체 제목 삭제."
"C","4","P4-F41","X.509 인증서 구조","부분 수정","1600","893","1600","893","True","True","C:\Users\javam\OneDrive\Documents\그림만들기\나노바나나_전체_수정대상_작업팩_v2\02_부분수정\Part4\P4-F41.png","C:\Users\javam\OneDrive\Documents\그림만들기\나노바나나_전체_수정대상_작업팩_v2\03_수정완료\Part4\P4-F41.png","02_부분수정/Part4/P4-F41.png","P4-F41.png","내부 전체 제목·그림 코드 금지","그림 내부 코드·중복 제목·지시문 또는 국소 오탈자가 남아 있다.","상단 코드·전체 제목 삭제."
"C","4","P4-F42","PKI 구성요소와 역할","부분 수정","1600","893","1600","893","True","True","C:\Users\javam\OneDrive\Documents\그림만들기\나노바나나_전체_수정대상_작업팩_v2\02_부분수정\Part4\P4-F42.png","C:\Users\javam\OneDrive\Documents\그림만들기\나노바나나_전체_수정대상_작업팩_v2\03_수정완료\Part4\P4-F42.png","02_부분수정/Part4/P4-F42.png","P4-F42.png","내부 전체 제목·그림 코드 금지","그림 내부 코드·중복 제목·지시문 또는 국소 오탈자가 남아 있다.","상단 코드·전체 제목 삭제."
"C","4","P4-F44","인증서 발급·갱신·폐기 생명주기","부분 수정","1600","893","1600","893","True","True","C:\Users\javam\OneDrive\Documents\그림만들기\나노바나나_전체_수정대상_작업팩_v2\02_부분수정\Part4\P4-F44.png","C:\Users\javam\OneDrive\Documents\그림만들기\나노바나나_전체_수정대상_작업팩_v2\03_수정완료\Part4\P4-F44.png","02_부분수정/Part4/P4-F44.png","P4-F44.png","내부 전체 제목·그림 코드 금지","그림 내부 코드·중복 제목·지시문 또는 국소 오탈자가 남아 있다.","상단 코드·전체 제목 삭제."
"C","4","P4-F47","타임스탬프와 장기검증","부분 수정","1600","893","1600","893","True","True","C:\Users\javam\OneDrive\Documents\그림만들기\나노바나나_전체_수정대상_작업팩_v2\02_부분수정\Part4\P4-F47.png","C:\Users\javam\OneDrive\Documents\그림만들기\나노바나나_전체_수정대상_작업팩_v2\03_수정완료\Part4\P4-F47.png","02_부분수정/Part4/P4-F47.png","P4-F47.png","내부 전체 제목·그림 코드 금지","그림 내부 코드·중복 제목·지시문 또는 국소 오탈자가 남아 있다.","상단 코드·전체 제목 삭제."
"C","4","P4-F52","혼돈·확산·쇄도효과","부분 수정","1600","893","1600","893","True","True","C:\Users\javam\OneDrive\Documents\그림만들기\나노바나나_전체_수정대상_작업팩_v2\02_부분수정\Part4\P4-F52.png","C:\Users\javam\OneDrive\Documents\그림만들기\나노바나나_전체_수정대상_작업팩_v2\03_수정완료\Part4\P4-F52.png","02_부분수정/Part4/P4-F52.png","P4-F52.png","내부 전체 제목·그림 코드 금지","그림 내부 코드·중복 제목·지시문 또는 국소 오탈자가 남아 있다.","상단 코드·전체 제목 삭제. 세 패널의 `혼돈`, `확산`, `쇄도효과`는 유지."
"C","5","P5-F03","사업전략과 정보보호 전략 정렬","부분 수정","1600","893","1600","893","True","True","C:\Users\javam\OneDrive\Documents\그림만들기\나노바나나_전체_수정대상_작업팩_v2\02_부분수정\Part5\P5-F03.png","C:\Users\javam\OneDrive\Documents\그림만들기\나노바나나_전체_수정대상_작업팩_v2\03_수정완료\Part5\P5-F03.png","02_부분수정/Part5/P5-F03.png","P5-F03.png","내부 전체 제목·그림 코드 금지","그림 내부 코드·중복 제목·지시문 또는 국소 오탈자가 남아 있다.","깨진 전체 제목 배너 삭제. 내부 흐름 유지."
"C","5","P5-F07","정보보호 관리 생명주기","부분 수정","1600","893","1600","893","True","True","C:\Users\javam\OneDrive\Documents\그림만들기\나노바나나_전체_수정대상_작업팩_v2\02_부분수정\Part5\P5-F07.png","C:\Users\javam\OneDrive\Documents\그림만들기\나노바나나_전체_수정대상_작업팩_v2\03_수정완료\Part5\P5-F07.png","02_부분수정/Part5/P5-F07.png","P5-F07.png","내부 전체 제목·그림 코드 금지","그림 내부 코드·중복 제목·지시문 또는 국소 오탈자가 남아 있다.","상단 코드·전체 제목 삭제."
"C","5","P5-F08","위험관리 전체 순환","부분 수정","1600","893","1600","893","True","True","C:\Users\javam\OneDrive\Documents\그림만들기\나노바나나_전체_수정대상_작업팩_v2\02_부분수정\Part5\P5-F08.png","C:\Users\javam\OneDrive\Documents\그림만들기\나노바나나_전체_수정대상_작업팩_v2\03_수정완료\Part5\P5-F08.png","02_부분수정/Part5/P5-F08.png","P5-F08.png","내부 전체 제목·그림 코드 금지","그림 내부 코드·중복 제목·지시문 또는 국소 오탈자가 남아 있다.","상단 코드·전체 제목 삭제."
"C","5","P5-F09","정보자산 식별과 분류","부분 수정","1600","893","1600","893","True","True","C:\Users\javam\OneDrive\Documents\그림만들기\나노바나나_전체_수정대상_작업팩_v2\02_부분수정\Part5\P5-F09.png","C:\Users\javam\OneDrive\Documents\그림만들기\나노바나나_전체_수정대상_작업팩_v2\03_수정완료\Part5\P5-F09.png","02_부분수정/Part5/P5-F09.png","P5-F09.png","내부 전체 제목·그림 코드 금지","그림 내부 코드·중복 제목·지시문 또는 국소 오탈자가 남아 있다.","상단 코드·전체 제목 삭제."
"C","5","P5-F12","ISO 27005 위험평가 흐름","부분 수정","1600","893","1600","893","True","True","C:\Users\javam\OneDrive\Documents\그림만들기\나노바나나_전체_수정대상_작업팩_v2\02_부분수정\Part5\P5-F12.png","C:\Users\javam\OneDrive\Documents\그림만들기\나노바나나_전체_수정대상_작업팩_v2\03_수정완료\Part5\P5-F12.png","02_부분수정/Part5/P5-F12.png","P5-F12.png","내부 전체 제목·그림 코드 금지","그림 내부 코드·중복 제목·지시문 또는 국소 오탈자가 남아 있다.","상단 전체 제목 삭제."
"C","5","P5-F13","위험분석 접근방법 비교","부분 수정","1600","893","1600","893","True","True","C:\Users\javam\OneDrive\Documents\그림만들기\나노바나나_전체_수정대상_작업팩_v2\02_부분수정\Part5\P5-F13.png","C:\Users\javam\OneDrive\Documents\그림만들기\나노바나나_전체_수정대상_작업팩_v2\03_수정완료\Part5\P5-F13.png","02_부분수정/Part5/P5-F13.png","P5-F13.png","내부 전체 제목·그림 코드 금지","그림 내부 코드·중복 제목·지시문 또는 국소 오탈자가 남아 있다.","깨진 전체 제목 삭제. 네 접근법 패널은 유지."
"C","5","P5-F17","위험 매트릭스","부분 수정","1600","893","1600","893","True","True","C:\Users\javam\OneDrive\Documents\그림만들기\나노바나나_전체_수정대상_작업팩_v2\02_부분수정\Part5\P5-F17.png","C:\Users\javam\OneDrive\Documents\그림만들기\나노바나나_전체_수정대상_작업팩_v2\03_수정완료\Part5\P5-F17.png","02_부분수정/Part5/P5-F17.png","P5-F17.png","내부 전체 제목·그림 코드 금지","그림 내부 코드·중복 제목·지시문 또는 국소 오탈자가 남아 있다.","상단 코드·전체 제목 삭제."
"C","5","P5-F19","잔여위험과 위험수용","부분 수정","1600","893","1600","893","True","True","C:\Users\javam\OneDrive\Documents\그림만들기\나노바나나_전체_수정대상_작업팩_v2\02_부분수정\Part5\P5-F19.png","C:\Users\javam\OneDrive\Documents\그림만들기\나노바나나_전체_수정대상_작업팩_v2\03_수정완료\Part5\P5-F19.png","02_부분수정/Part5/P5-F19.png","P5-F19.png","내부 전체 제목·그림 코드 금지","그림 내부 코드·중복 제목·지시문 또는 국소 오탈자가 남아 있다.","상단 코드·전체 제목 삭제."
"C","5","P5-F20","위험등록부와 처리계획","부분 수정","1600","893","1600","893","True","True","C:\Users\javam\OneDrive\Documents\그림만들기\나노바나나_전체_수정대상_작업팩_v2\02_부분수정\Part5\P5-F20.png","C:\Users\javam\OneDrive\Documents\그림만들기\나노바나나_전체_수정대상_작업팩_v2\03_수정완료\Part5\P5-F20.png","02_부분수정/Part5/P5-F20.png","P5-F20.png","내부 전체 제목·그림 코드 금지","그림 내부 코드·중복 제목·지시문 또는 국소 오탈자가 남아 있다.","상단 코드·전체 제목 삭제."
"C","5","P5-F24","인적 보안 생명주기","부분 수정","1600","893","1600","893","True","True","C:\Users\javam\OneDrive\Documents\그림만들기\나노바나나_전체_수정대상_작업팩_v2\02_부분수정\Part5\P5-F24.png","C:\Users\javam\OneDrive\Documents\그림만들기\나노바나나_전체_수정대상_작업팩_v2\03_수정완료\Part5\P5-F24.png","02_부분수정/Part5/P5-F24.png","P5-F24.png","내부 전체 제목·그림 코드 금지","그림 내부 코드·중복 제목·지시문 또는 국소 오탈자가 남아 있다.","깨진 전체 제목 삭제. 채용 전·재직·직무변경·퇴직 단계는 유지."
"C","5","P5-F25","외부자·공급망 보안 생명주기","부분 수정","1600","893","1600","893","True","True","C:\Users\javam\OneDrive\Documents\그림만들기\나노바나나_전체_수정대상_작업팩_v2\02_부분수정\Part5\P5-F25.png","C:\Users\javam\OneDrive\Documents\그림만들기\나노바나나_전체_수정대상_작업팩_v2\03_수정완료\Part5\P5-F25.png","02_부분수정/Part5/P5-F25.png","P5-F25.png","내부 전체 제목·그림 코드 금지","그림 내부 코드·중복 제목·지시문 또는 국소 오탈자가 남아 있다.","상단 전체 제목 삭제."
"C","5","P5-F27","형상·변경관리 흐름","부분 수정","1600","893","1600","893","True","True","C:\Users\javam\OneDrive\Documents\그림만들기\나노바나나_전체_수정대상_작업팩_v2\02_부분수정\Part5\P5-F27.png","C:\Users\javam\OneDrive\Documents\그림만들기\나노바나나_전체_수정대상_작업팩_v2\03_수정완료\Part5\P5-F27.png","02_부분수정/Part5/P5-F27.png","P5-F27.png","내부 전체 제목·그림 코드 금지","그림 내부 코드·중복 제목·지시문 또는 국소 오탈자가 남아 있다.","깨진 전체 제목 삭제. 변경관리 단계는 유지."
"C","5","P5-F32","BIA 업무영향분석 흐름","부분 수정","1600","893","1600","893","True","True","C:\Users\javam\OneDrive\Documents\그림만들기\나노바나나_전체_수정대상_작업팩_v2\02_부분수정\Part5\P5-F32.png","C:\Users\javam\OneDrive\Documents\그림만들기\나노바나나_전체_수정대상_작업팩_v2\03_수정완료\Part5\P5-F32.png","02_부분수정/Part5/P5-F32.png","P5-F32.png","내부 전체 제목·그림 코드 금지","그림 내부 코드·중복 제목·지시문 또는 국소 오탈자가 남아 있다.","상단 코드·전체 제목 삭제."
"C","5","P5-F36","업무연속성 훈련 유형","부분 수정","1600","893","1600","893","True","True","C:\Users\javam\OneDrive\Documents\그림만들기\나노바나나_전체_수정대상_작업팩_v2\02_부분수정\Part5\P5-F36.png","C:\Users\javam\OneDrive\Documents\그림만들기\나노바나나_전체_수정대상_작업팩_v2\03_수정완료\Part5\P5-F36.png","02_부분수정/Part5/P5-F36.png","P5-F36.png","내부 전체 제목·그림 코드 금지","그림 내부 코드·중복 제목·지시문 또는 국소 오탈자가 남아 있다.","상단 코드·전체 제목 삭제."
"C","5","P5-F38","사고 심각도와 트리아지","부분 수정","1600","893","1600","893","True","True","C:\Users\javam\OneDrive\Documents\그림만들기\나노바나나_전체_수정대상_작업팩_v2\02_부분수정\Part5\P5-F38.png","C:\Users\javam\OneDrive\Documents\그림만들기\나노바나나_전체_수정대상_작업팩_v2\03_수정완료\Part5\P5-F38.png","02_부분수정/Part5/P5-F38.png","P5-F38.png","내부 전체 제목·그림 코드 금지","그림 내부 코드·중복 제목·지시문 또는 국소 오탈자가 남아 있다.","상단 코드·전체 제목 삭제."
"C","5","P5-F45","ISMS와 ISMS-P 구조 비교","부분 수정","1600","893","1600","893","True","True","C:\Users\javam\OneDrive\Documents\그림만들기\나노바나나_전체_수정대상_작업팩_v2\02_부분수정\Part5\P5-F45.png","C:\Users\javam\OneDrive\Documents\그림만들기\나노바나나_전체_수정대상_작업팩_v2\03_수정완료\Part5\P5-F45.png","02_부분수정/Part5/P5-F45.png","P5-F45.png","내부 전체 제목·그림 코드 금지","그림 내부 코드·중복 제목·지시문 또는 국소 오탈자가 남아 있다.","상단 코드·전체 제목 삭제."
"C","5","P5-F48","ISMS-P 인증 절차","부분 수정","1600","893","1600","893","True","True","C:\Users\javam\OneDrive\Documents\그림만들기\나노바나나_전체_수정대상_작업팩_v2\02_부분수정\Part5\P5-F48.png","C:\Users\javam\OneDrive\Documents\그림만들기\나노바나나_전체_수정대상_작업팩_v2\03_수정완료\Part5\P5-F48.png","02_부분수정/Part5/P5-F48.png","P5-F48.png","내부 전체 제목·그림 코드 금지","그림 내부 코드·중복 제목·지시문 또는 국소 오탈자가 남아 있다.","상단 코드·전체 제목 삭제."
"C","5","P5-F52","CCRA 국제상호인정","부분 수정","1600","893","1600","893","True","True","C:\Users\javam\OneDrive\Documents\그림만들기\나노바나나_전체_수정대상_작업팩_v2\02_부분수정\Part5\P5-F52.png","C:\Users\javam\OneDrive\Documents\그림만들기\나노바나나_전체_수정대상_작업팩_v2\03_수정완료\Part5\P5-F52.png","02_부분수정/Part5/P5-F52.png","P5-F52.png","내부 전체 제목·그림 코드 금지","그림 내부 코드·중복 제목·지시문 또는 국소 오탈자가 남아 있다.","깨진 전체 제목 삭제. CCRA 상호인정 구조는 유지."
"C","5","P5-F59","디지털 저작권 권리 구조","부분 수정","1600","893","1600","893","True","True","C:\Users\javam\OneDrive\Documents\그림만들기\나노바나나_전체_수정대상_작업팩_v2\02_부분수정\Part5\P5-F59.png","C:\Users\javam\OneDrive\Documents\그림만들기\나노바나나_전체_수정대상_작업팩_v2\03_수정완료\Part5\P5-F59.png","02_부분수정/Part5/P5-F59.png","P5-F59.png","내부 전체 제목·그림 코드 금지","그림 내부 코드·중복 제목·지시문 또는 국소 오탈자가 남아 있다.","상단 코드·전체 제목 삭제."
"C","5","P5-F61","책임 있는 취약점 공개","부분 수정","1600","893","1600","893","True","True","C:\Users\javam\OneDrive\Documents\그림만들기\나노바나나_전체_수정대상_작업팩_v2\02_부분수정\Part5\P5-F61.png","C:\Users\javam\OneDrive\Documents\그림만들기\나노바나나_전체_수정대상_작업팩_v2\03_수정완료\Part5\P5-F61.png","02_부분수정/Part5/P5-F61.png","P5-F61.png","내부 전체 제목·그림 코드 금지","그림 내부 코드·중복 제목·지시문 또는 국소 오탈자가 남아 있다.","상단 코드·깨진 전체 제목 삭제. 절차 흐름은 유지."
"C","5","P5-F62","이용자·개인정보취급자 금지행위","부분 수정","1600","893","1600","893","True","True","C:\Users\javam\OneDrive\Documents\그림만들기\나노바나나_전체_수정대상_작업팩_v2\02_부분수정\Part5\P5-F62.png","C:\Users\javam\OneDrive\Documents\그림만들기\나노바나나_전체_수정대상_작업팩_v2\03_수정완료\Part5\P5-F62.png","02_부분수정/Part5/P5-F62.png","P5-F62.png","내부 전체 제목·그림 코드 금지","그림 내부 코드·중복 제목·지시문 또는 국소 오탈자가 남아 있다.","상단 전체 제목 삭제."
"C","5","P5-F67","불법정보·스팸·망 안정성","부분 수정","1600","893","1600","893","True","True","C:\Users\javam\OneDrive\Documents\그림만들기\나노바나나_전체_수정대상_작업팩_v2\02_부분수정\Part5\P5-F67.png","C:\Users\javam\OneDrive\Documents\그림만들기\나노바나나_전체_수정대상_작업팩_v2\03_수정완료\Part5\P5-F67.png","02_부분수정/Part5/P5-F67.png","P5-F67.png","내부 전체 제목·그림 코드 금지","그림 내부 코드·중복 제목·지시문 또는 국소 오탈자가 남아 있다.","좌상단 그림 코드 삭제."
"C","5","P5-F69","주요정보통신기반시설 지정 기준","부분 수정","1600","893","1600","893","True","True","C:\Users\javam\OneDrive\Documents\그림만들기\나노바나나_전체_수정대상_작업팩_v2\02_부분수정\Part5\P5-F69.png","C:\Users\javam\OneDrive\Documents\그림만들기\나노바나나_전체_수정대상_작업팩_v2\03_수정완료\Part5\P5-F69.png","02_부분수정/Part5/P5-F69.png","P5-F69.png","내부 전체 제목·그림 코드 금지","그림 내부 코드·중복 제목·지시문 또는 국소 오탈자가 남아 있다.","깨진 전체 제목 삭제. 지정 기준 패널은 유지."
"C","5","P5-F70","보호계획과 취약점 분석·평가","부분 수정","1600","893","1600","893","True","True","C:\Users\javam\OneDrive\Documents\그림만들기\나노바나나_전체_수정대상_작업팩_v2\02_부분수정\Part5\P5-F70.png","C:\Users\javam\OneDrive\Documents\그림만들기\나노바나나_전체_수정대상_작업팩_v2\03_수정완료\Part5\P5-F70.png","02_부분수정/Part5/P5-F70.png","P5-F70.png","내부 전체 제목·그림 코드 금지","그림 내부 코드·중복 제목·지시문 또는 국소 오탈자가 남아 있다.","그림 내부 코드 삭제."
"C","5","P5-F75","개인정보·가명정보·익명정보","부분 수정","1600","893","1600","893","True","True","C:\Users\javam\OneDrive\Documents\그림만들기\나노바나나_전체_수정대상_작업팩_v2\02_부분수정\Part5\P5-F75.png","C:\Users\javam\OneDrive\Documents\그림만들기\나노바나나_전체_수정대상_작업팩_v2\03_수정완료\Part5\P5-F75.png","02_부분수정/Part5/P5-F75.png","P5-F75.png","내부 전체 제목·그림 코드 금지","그림 내부 코드·중복 제목·지시문 또는 국소 오탈자가 남아 있다.","상단 전체 제목 삭제. 개인정보·가명정보·익명정보 구분은 유지."
"C","5","P5-F78","동의와 고지 항목","부분 수정","1600","893","1600","893","True","True","C:\Users\javam\OneDrive\Documents\그림만들기\나노바나나_전체_수정대상_작업팩_v2\02_부분수정\Part5\P5-F78.png","C:\Users\javam\OneDrive\Documents\그림만들기\나노바나나_전체_수정대상_작업팩_v2\03_수정완료\Part5\P5-F78.png","02_부분수정/Part5/P5-F78.png","P5-F78.png","내부 전체 제목·그림 코드 금지","그림 내부 코드·중복 제목·지시문 또는 국소 오탈자가 남아 있다.","상단 코드·전체 제목 삭제."
"C","5","P5-F81","정보주체 권리","부분 수정","1600","893","1600","893","True","True","C:\Users\javam\OneDrive\Documents\그림만들기\나노바나나_전체_수정대상_작업팩_v2\02_부분수정\Part5\P5-F81.png","C:\Users\javam\OneDrive\Documents\그림만들기\나노바나나_전체_수정대상_작업팩_v2\03_수정완료\Part5\P5-F81.png","02_부분수정/Part5/P5-F81.png","P5-F81.png","내부 전체 제목·그림 코드 금지","그림 내부 코드·중복 제목·지시문 또는 국소 오탈자가 남아 있다.","중복된 코드·전체 제목을 모두 삭제. 권리행사 흐름은 유지."
"C","5","P5-F82","개인정보 보호책임자와 거버넌스","부분 수정","1600","893","1600","893","True","True","C:\Users\javam\OneDrive\Documents\그림만들기\나노바나나_전체_수정대상_작업팩_v2\02_부분수정\Part5\P5-F82.png","C:\Users\javam\OneDrive\Documents\그림만들기\나노바나나_전체_수정대상_작업팩_v2\03_수정완료\Part5\P5-F82.png","02_부분수정/Part5/P5-F82.png","P5-F82.png","내부 전체 제목·그림 코드 금지","그림 내부 코드·중복 제목·지시문 또는 국소 오탈자가 남아 있다.","상단 코드·전체 제목 삭제."
"C","5","P5-F86","개인정보 영향평가 PIA와 CCTV","부분 수정","1600","893","1600","893","True","True","C:\Users\javam\OneDrive\Documents\그림만들기\나노바나나_전체_수정대상_작업팩_v2\02_부분수정\Part5\P5-F86.png","C:\Users\javam\OneDrive\Documents\그림만들기\나노바나나_전체_수정대상_작업팩_v2\03_수정완료\Part5\P5-F86.png","02_부분수정/Part5/P5-F86.png","P5-F86.png","내부 전체 제목·그림 코드 금지","그림 내부 코드·중복 제목·지시문 또는 국소 오탈자가 남아 있다.","상단 전체 제목 삭제. PIA와 CCTV 두 패널은 유지."
"C","5","P5-F87","보유기간·파기·분리보관","부분 수정","1600","893","1600","893","True","True","C:\Users\javam\OneDrive\Documents\그림만들기\나노바나나_전체_수정대상_작업팩_v2\02_부분수정\Part5\P5-F87.png","C:\Users\javam\OneDrive\Documents\그림만들기\나노바나나_전체_수정대상_작업팩_v2\03_수정완료\Part5\P5-F87.png","02_부분수정/Part5/P5-F87.png","P5-F87.png","내부 전체 제목·그림 코드 금지","그림 내부 코드·중복 제목·지시문 또는 국소 오탈자가 남아 있다.","상단 코드·전체 제목 삭제."
"C","5","P5-F88","현행법과 역사적 기출 함정","부분 수정","1600","893","1600","893","True","True","C:\Users\javam\OneDrive\Documents\그림만들기\나노바나나_전체_수정대상_작업팩_v2\02_부분수정\Part5\P5-F88.png","C:\Users\javam\OneDrive\Documents\그림만들기\나노바나나_전체_수정대상_작업팩_v2\03_수정완료\Part5\P5-F88.png","02_부분수정/Part5/P5-F88.png","P5-F88.png","내부 전체 제목·그림 코드 금지","그림 내부 코드·중복 제목·지시문 또는 국소 오탈자가 남아 있다.","상단 전체 제목 삭제. 현행·역사 비교 본체는 유지."

